{
  "custom": {},
  "params": {},
  "props": {
    "defaultSize": {
      "width": 1750
    }
  },
  "root": {
    "children": [
      {
        "meta": {
          "name": "TextArea"
        },
        "position": {
          "height": 255.99999999999997,
          "width": 1155,
          "x": 401.38,
          "y": 32.96
        },
        "props": {
          "style": {
            "lineHeight": "1.5",
            "textAlign": "center"
          },
          "text": "Dette brukergrensesnittet er en del av en bacheloroppgave utarbeides av fire elektroingeniørstudenter ved sjette semester innenfor linjen informatikk og automatisering Y-vei ved fakultetet for teknologi, naturvitenskap og maritime fag ved Universitetet i Sørøst-Norge, campus Porsgrunn. \n\nMed den nåværende situasjonen i strømmarkedet, har flere kommuner satt strømsparing høyt på prioriteringslisten. Fylling av høydebassenger er en av de mer energikrevende prosessene i det kommunale vann-nettet, og det vil derfor ha stor verdi for kommunene å optimalisere fylleprosessen i forhold til gjeldende strømpriser i markedet. Dette kan inkludere å justere fyllingsprosessen til tider med lavere strømpriser eller å investere i mer energieffektive metoder for fylling. På denne måten kan kommunene redusere sine strømutgifter og bidra til å redusere belastningen på strømnettet\n\nProsjektet går ut på å optimalisere fylling av et høydebasseng ved bruk av strømpriser, informasjon om prosessen, pumpekurver og historisk forbruk av vann. Dette er for å beregne den mest kostnadseffektive kjøreprofilen for pumpestasjonen tilknyttet høydebassenget."
        },
        "type": "ia.input.text-area"
      },
      {
        "meta": {
          "name": "Image"
        },
        "position": {
          "height": 542,
          "width": 954,
          "x": 498,
          "y": 270.41
        },
        "props": {
          "fit": {
            "mode": "contain"
          },
          "source": "/system/images/høydebasseng.png"
        },
        "type": "ia.display.image"
      }
    ],
    "meta": {
      "name": "root"
    },
    "type": "ia.container.coord"
  }
}