{
  "custom": {},
  "params": {},
  "props": {
    "defaultSize": {
      "height": 272,
      "width": 272
    }
  },
  "root": {
    "children": [
      {
        "meta": {
          "name": "Button"
        },
        "position": {
          "height": 34,
          "width": 116,
          "x": 75,
          "y": 86
        },
        "props": {
          "text": "Frys verdier"
        },
        "type": "ia.input.button"
      },
      {
        "meta": {
          "name": "Label_0"
        },
        "position": {
          "height": 32,
          "width": 110,
          "x": 81,
          "y": 11
        },
        "props": {
          "text": "Flow utløp",
          "textStyle": {
            "fontSize": 20
          }
        },
        "type": "ia.display.label"
      }
    ],
    "meta": {
      "name": "root"
    },
    "type": "ia.container.coord"
  }
}