{
  "custom": {},
  "params": {},
  "props": {
    "defaultSize": {
      "height": 865,
      "width": 1750
    }
  },
  "root": {
    "children": [
      {
        "meta": {
          "name": "TextArea"
        },
        "position": {
          "height": 389,
          "width": 956.9999999999999,
          "x": 67.36,
          "y": 31.96
        },
        "props": {
          "style": {
            "fontSize": 17,
            "lineHeight": "1.5",
            "textAlign": "center"
          },
          "text": "Dette brukergrensesnittet er en del av en bacheloroppgave utarbeidet av fire elektroingeniørstudenter innenfor linjen informatikk og automatisering Y-vei ved fakultetet for teknologi, naturvitenskap og maritime fag ved Universitetet i Sørøst-Norge, campus Porsgrunn. \n\nMed den nåværende situasjonen i strømmarkedet, har flere kommuner satt strømsparing høyt på prioriteringslisten. Fylling av høydebassenger er en energikrevende prosess i det kommunale vannettet, og det vil derfor ha stor verdi for kommunene å optimalisere fylleprosessen i forhold til gjeldende strømpriser i markedet. Dette kan inkludere å justere fyllingsprosessen til tider med lavere strømpriser eller å investere i mer energieffektive metoder for fylling. På denne måten kan kommunene redusere sine strømutgifter og bidra til å redusere belastningen på strømnettet\n\nProsjektet går ut på å optimalisere fylling av et høydebasseng ved bruk av strømpriser, informasjon om prosessen, pumpekurver og historisk forbruk av vann. Dette er for å beregne den mest kostnadseffektive kjøreprofilen for pumpestasjonen tilknyttet høydebassenget."
        },
        "type": "ia.input.text-area"
      },
      {
        "meta": {
          "name": "Image"
        },
        "position": {
          "height": 542,
          "width": 954,
          "x": 67,
          "y": 372.41
        },
        "props": {
          "fit": {
            "mode": "contain"
          },
          "source": "/system/images/høydebasseng.png"
        },
        "type": "ia.display.image"
      },
      {
        "meta": {
          "name": "Image_0"
        },
        "position": {
          "height": 126.99999999999999,
          "width": 125,
          "x": 1136.76,
          "y": 104.51
        },
        "props": {
          "fit": {
            "mode": "fill"
          },
          "source": "/system/images/mariusolli.jpg\n"
        },
        "type": "ia.display.image"
      },
      {
        "meta": {
          "name": "Image_1"
        },
        "position": {
          "height": 126.99999999999999,
          "width": 125,
          "x": 1137.76,
          "y": 256.51
        },
        "props": {
          "fit": {
            "mode": "fill"
          },
          "source": "/system/images/odinmelås.jpg"
        },
        "type": "ia.display.image"
      },
      {
        "meta": {
          "name": "Image_2"
        },
        "position": {
          "height": 126.99999999999999,
          "width": 125,
          "x": 1137.76,
          "y": 558.51
        },
        "props": {
          "fit": {
            "mode": "fill"
          },
          "source": "/system/images/fredrikmonsen.jpg"
        },
        "type": "ia.display.image"
      },
      {
        "meta": {
          "name": "Image_3"
        },
        "position": {
          "height": 126.99999999999999,
          "width": 125,
          "x": 1136.76,
          "y": 407.51
        },
        "props": {
          "fit": {
            "mode": "fill"
          },
          "source": "/system/images/rinomikk.jpg\n"
        },
        "type": "ia.display.image"
      },
      {
        "meta": {
          "name": "TextArea_0"
        },
        "position": {
          "height": 83,
          "width": 375,
          "x": 1283.76,
          "y": 148.51
        },
        "props": {
          "text": "Bakgrunn: Automatiker\nIA Student"
        },
        "type": "ia.input.text-area"
      },
      {
        "meta": {
          "name": "TextArea_1"
        },
        "position": {
          "height": 83,
          "width": 375,
          "x": 1283.76,
          "y": 300.01
        },
        "props": {
          "text": "Bakgrunn: Automatiker\nIA Student"
        },
        "type": "ia.input.text-area"
      },
      {
        "meta": {
          "name": "TextArea_2"
        },
        "position": {
          "height": 83,
          "width": 375,
          "x": 1283.76,
          "y": 450.51
        },
        "props": {
          "text": "Bakgrunn: Tavlemontør\nIA Student"
        },
        "type": "ia.input.text-area"
      },
      {
        "meta": {
          "name": "TextArea_3"
        },
        "position": {
          "height": 83,
          "width": 375,
          "x": 1283.76,
          "y": 602.007
        },
        "props": {
          "text": "Bakgrunn: Automatiker\nIA Student"
        },
        "type": "ia.input.text-area"
      },
      {
        "meta": {
          "name": "Label"
        },
        "position": {
          "height": 32,
          "width": 156,
          "x": 1134.36,
          "y": 31.946
        },
        "props": {
          "style": {
            "fontSize": 20
          },
          "text": "Bachelorgruppen"
        },
        "type": "ia.display.label"
      },
      {
        "meta": {
          "name": "Label_0"
        },
        "position": {
          "height": 31.999999999999986,
          "width": 204,
          "x": 1283.36,
          "y": 104.45
        },
        "props": {
          "style": {
            "fontSize": 18
          },
          "text": "Marius Solli Jensen"
        },
        "type": "ia.display.label"
      },
      {
        "meta": {
          "name": "Label_1"
        },
        "position": {
          "height": 31.999999999999986,
          "width": 204,
          "x": 1283.36,
          "y": 104.45
        },
        "props": {
          "style": {
            "fontSize": 18
          },
          "text": "Marius Solli Jensen"
        },
        "type": "ia.display.label"
      },
      {
        "meta": {
          "name": "Label_2"
        },
        "position": {
          "height": 31.999999999999986,
          "width": 204,
          "x": 1283.36,
          "y": 255.45
        },
        "props": {
          "style": {
            "fontSize": 18
          },
          "text": "Odin Melås"
        },
        "type": "ia.display.label"
      },
      {
        "meta": {
          "name": "Label_3"
        },
        "position": {
          "height": 31.999999999999986,
          "width": 204,
          "x": 1283.36,
          "y": 409.45
        },
        "props": {
          "style": {
            "fontSize": 18
          },
          "text": "Rino Mikkelsen"
        },
        "type": "ia.display.label"
      },
      {
        "meta": {
          "name": "Label_4"
        },
        "position": {
          "height": 31.999999999999986,
          "width": 236,
          "x": 1283.36,
          "y": 560.45
        },
        "props": {
          "style": {
            "fontSize": 18
          },
          "text": "Fredrik Pedersen Monsen"
        },
        "type": "ia.display.label"
      }
    ],
    "meta": {
      "name": "root"
    },
    "type": "ia.container.coord"
  }
}