{
  "custom": {},
  "params": {},
  "props": {
    "defaultSize": {
      "width": 1500
    }
  },
  "root": {
    "children": [
      {
        "meta": {
          "name": "PowerChart"
        },
        "position": {
          "height": 443,
          "width": 718,
          "x": 14.039999999999992,
          "y": 5.960000000000001
        },
        "props": {
          "interaction": {
            "chartZoomLevel": 1,
            "rangeZoomLevel": 1
          }
        },
        "type": "ia.chart.powerchart"
      },
      {
        "events": {
          "dom": {
            "onClick": {
              "config": {
                "draggable": true,
                "id": "5eQRWL6a",
                "modal": false,
                "overlayDismiss": false,
                "resizable": true,
                "showCloseIcon": true,
                "type": "open",
                "viewPath": "Main/flowinn",
                "viewportBound": false
              },
              "scope": "C",
              "type": "popup"
            }
          }
        },
        "meta": {
          "name": "LedDisplay_0"
        },
        "position": {
          "height": 32,
          "width": 193,
          "x": 750.51,
          "y": 69.16
        },
        "props": {
          "backgroundColor": "#00FF00",
          "diodeOffColor": "#47FF47",
          "diodeOnColor": "#000000",
          "value": 355
        },
        "type": "ia.display.led-display"
      },
      {
        "meta": {
          "name": "Label"
        },
        "position": {
          "height": 32,
          "width": 349,
          "x": 748.04,
          "y": 30
        },
        "props": {
          "text": "Total kostnadsbesparelsen med smartstyring:"
        },
        "type": "ia.display.label"
      },
      {
        "meta": {
          "name": "Label_0"
        },
        "position": {
          "height": 31.999999999999943,
          "width": 144,
          "x": 952.04,
          "y": 69.16
        },
        "props": {
          "text": "NOK"
        },
        "type": "ia.display.label"
      }
    ],
    "meta": {
      "name": "root"
    },
    "type": "ia.container.coord"
  }
}