{
  "custom": {},
  "params": {},
  "props": {
    "defaultSize": {
      "height": 846,
      "width": 1750
    }
  },
  "root": {
    "children": [
      {
        "events": {
          "dom": {
            "onClick": {
              "config": {
                "draggable": true,
                "id": "GLgRGhys",
                "modal": false,
                "overlayDismiss": false,
                "resizable": true,
                "showCloseIcon": true,
                "type": "open",
                "viewPath": "Main/SystemFolder/pumpValues",
                "viewportBound": false
              },
              "scope": "C",
              "type": "popup"
            }
          }
        },
        "meta": {
          "name": "Pump"
        },
        "position": {
          "height": 100,
          "width": 125,
          "x": 73.5,
          "y": 447
        },
        "propConfig": {
          "props.state": {
            "binding": {
              "config": {
                "fallbackDelay": 2.5,
                "mode": "direct",
                "tagPath": "[default]PumpePaadrag"
              },
              "transforms": [
                {
                  "fallback": "running",
                  "inputType": "scalar",
                  "mappings": [
                    {
                      "input": 0,
                      "output": "stopped"
                    }
                  ],
                  "outputType": "scalar",
                  "type": "map"
                }
              ],
              "type": "tag"
            }
          }
        },
        "props": {
          "appearance": "simple",
          "label": {
            "text": "Pumpestasjon"
          },
          "orientation": "top",
          "value": {
            "text": ""
          }
        },
        "type": "ia.symbol.pump"
      },
      {
        "events": {
          "dom": {
            "onClick": {
              "config": {
                "draggable": true,
                "id": "jyv4v9ZJ",
                "modal": false,
                "overlayDismiss": false,
                "resizable": true,
                "showCloseIcon": true,
                "type": "open",
                "viewPath": "Main/SystemFolder/valve1",
                "viewportBound": false
              },
              "scope": "C",
              "type": "popup"
            }
          }
        },
        "meta": {
          "name": "Valve_0"
        },
        "position": {
          "height": 80,
          "rotate": {
            "anchor": "75% 50%"
          },
          "width": 88,
          "x": 240.5,
          "y": 217.44
        },
        "props": {
          "appearance": "p\u0026id",
          "label": {
            "text": "Ventil innløp\n"
          },
          "state": "open",
          "value": {
            "text": "Åpen"
          }
        },
        "type": "ia.symbol.valve"
      },
      {
        "events": {
          "dom": {
            "onClick": {
              "config": {
                "draggable": true,
                "id": "snzmhohY",
                "modal": false,
                "overlayDismiss": false,
                "resizable": true,
                "showCloseIcon": true,
                "type": "open",
                "viewPath": "Main/SystemFolder/valve2",
                "viewportBound": false
              },
              "scope": "C",
              "type": "popup"
            }
          }
        },
        "meta": {
          "name": "Valve_1"
        },
        "position": {
          "height": 80,
          "rotate": {
            "anchor": "75% 50%"
          },
          "width": 88,
          "x": 538.5,
          "y": 217.48
        },
        "props": {
          "appearance": "p\u0026id",
          "label": {
            "text": "Ventil utløp\n"
          },
          "state": "open",
          "value": {
            "text": "Åpen"
          }
        },
        "type": "ia.symbol.valve"
      },
      {
        "meta": {
          "name": "Image"
        },
        "position": {
          "height": 169,
          "rotate": {
            "anchor": "50% 25%"
          },
          "width": 176,
          "x": 646.991,
          "y": 327.938
        },
        "props": {
          "fit": {
            "mode": "cover"
          },
          "source": "/system/images/hus1.png\n"
        },
        "type": "ia.display.image"
      },
      {
        "meta": {
          "name": "Label"
        },
        "position": {
          "height": 32,
          "width": 50,
          "x": 703,
          "y": 440.948
        },
        "props": {
          "text": "Forbruk"
        },
        "type": "ia.display.label"
      },
      {
        "events": {
          "dom": {
            "onClick": {
              "config": {
                "draggable": true,
                "id": "Y1Cv0MED",
                "modal": false,
                "overlayDismiss": false,
                "resizable": true,
                "showCloseIcon": true,
                "type": "open",
                "viewPath": "Main/SystemFolder/flowout",
                "viewportBound": false
              },
              "scope": "C",
              "type": "popup"
            }
          }
        },
        "meta": {
          "name": "LedDisplay"
        },
        "position": {
          "height": 32,
          "width": 127,
          "x": 675.5,
          "y": 144.829
        },
        "propConfig": {
          "props.value": {
            "binding": {
              "config": {
                "fallbackDelay": 2.5,
                "mode": "direct",
                "tagPath": "[default]FlowUt"
              },
              "type": "tag"
            }
          }
        },
        "props": {
          "backgroundColor": "#D5D5D5",
          "diodeOffColor": "#D5D5D5",
          "diodeOnColor": "#000000"
        },
        "type": "ia.display.led-display"
      },
      {
        "events": {
          "dom": {
            "onClick": {
              "config": {
                "draggable": true,
                "id": "5eQRWL6a",
                "modal": false,
                "overlayDismiss": false,
                "resizable": true,
                "showCloseIcon": true,
                "type": "open",
                "viewPath": "Main/SystemFolder/flowinn",
                "viewportBound": false
              },
              "scope": "C",
              "type": "popup"
            }
          }
        },
        "meta": {
          "name": "LedDisplay_0"
        },
        "position": {
          "height": 32,
          "width": 127,
          "x": 53.5,
          "y": 146.162
        },
        "propConfig": {
          "props.value": {
            "binding": {
              "config": {
                "fallbackDelay": 2.5,
                "mode": "direct",
                "tagPath": "[default]FlowInn"
              },
              "type": "tag"
            }
          }
        },
        "props": {
          "backgroundColor": "#D5D5D5",
          "diodeOffColor": "#D5D5D5",
          "diodeOnColor": "#000000"
        },
        "type": "ia.display.led-display"
      },
      {
        "meta": {
          "name": "Label_0"
        },
        "position": {
          "height": 32,
          "width": 112,
          "x": 377,
          "y": 8.95
        },
        "props": {
          "text": "Høydebasseng"
        },
        "type": "ia.display.label"
      },
      {
        "meta": {
          "name": "Label_1"
        },
        "position": {
          "height": 32,
          "width": 124,
          "x": 58,
          "y": 176.287
        },
        "props": {
          "text": "Flow inn [m3/t]"
        },
        "type": "ia.display.label"
      },
      {
        "meta": {
          "name": "Label_2"
        },
        "position": {
          "height": 32,
          "width": 124,
          "x": 678,
          "y": 176.954
        },
        "props": {
          "text": "Flow ut [m3/t]"
        },
        "type": "ia.display.label"
      },
      {
        "meta": {
          "name": "LedDisplay_1"
        },
        "position": {
          "height": 32,
          "width": 88,
          "x": 89.5,
          "y": 560.108
        },
        "propConfig": {
          "props.value": {
            "binding": {
              "config": {
                "fallbackDelay": 2.5,
                "mode": "direct",
                "tagPath": "[default]PumpePaadrag"
              },
              "type": "tag"
            }
          }
        },
        "props": {
          "backgroundColor": "#D5D5D5",
          "diodeOffColor": "#D5D5D5",
          "diodeOnColor": "#000000"
        },
        "type": "ia.display.led-display"
      },
      {
        "meta": {
          "name": "Label_3"
        },
        "position": {
          "height": 32,
          "width": 124,
          "x": 186,
          "y": 560.391
        },
        "props": {
          "text": "%"
        },
        "type": "ia.display.label"
      },
      {
        "meta": {
          "name": "root Pipes Drawing"
        },
        "position": {
          "height": 16,
          "width": 16,
          "x": -51,
          "y": -26
        },
        "props": {
          "elements": [
            {
              "elements": [
                {
                  "height": "592.391",
                  "id": "D-0-mask-part-background",
                  "name": "D-0-mask-part-background",
                  "style": {
                    "classes": "ia_pipeMaskVisible"
                  },
                  "type": "rect",
                  "width": "1377.6"
                },
                {
                  "elements": [
                    {
                      "cx": "686.91",
                      "cy": "237.49",
                      "fill": {
                        "paint": "rgb(0, 0, 0)"
                      },
                      "name": "circle",
                      "r": "4",
                      "stroke": {
                        "paint": "transparent"
                      },
                      "style": {
                        "classes": "ia_pipeSegmentNode"
                      },
                      "type": "circle"
                    },
                    {
                      "height": "8",
                      "name": "rect",
                      "style": {
                        "classes": "ia_pipeMaskInvisible--rectangle"
                      },
                      "transform": "rotate(180 686.91 237.49)",
                      "type": "rect",
                      "width": "10",
                      "x": "687.91",
                      "y": "233.49"
                    },
                    {
                      "height": "8",
                      "name": "rect",
                      "style": {
                        "classes": "ia_pipeMaskInvisible--rectangle"
                      },
                      "transform": "rotate(90 686.91 237.49)",
                      "type": "rect",
                      "width": "10",
                      "x": "687.91",
                      "y": "233.49"
                    }
                  ],
                  "id": "D-0-mask-part-1_0",
                  "name": "D-0-mask-part-1_0",
                  "style": {
                    "classes": "ia_pipeIsolate"
                  },
                  "type": "group"
                },
                {
                  "elements": [
                    {
                      "cx": "94.42",
                      "cy": "237.99",
                      "fill": {
                        "paint": "rgb(0, 0, 0)"
                      },
                      "name": "circle",
                      "r": "4",
                      "stroke": {
                        "paint": "transparent"
                      },
                      "style": {
                        "classes": "ia_pipeSegmentNode"
                      },
                      "type": "circle"
                    },
                    {
                      "height": "8",
                      "name": "rect",
                      "style": {
                        "classes": "ia_pipeMaskInvisible--rectangle"
                      },
                      "transform": "rotate(90 94.42 237.99)",
                      "type": "rect",
                      "width": "10",
                      "x": "95.42",
                      "y": "233.99"
                    },
                    {
                      "height": "8",
                      "name": "rect",
                      "style": {
                        "classes": "ia_pipeMaskInvisible--rectangle"
                      },
                      "transform": "rotate(0 94.42 237.99)",
                      "type": "rect",
                      "width": "10",
                      "x": "95.42",
                      "y": "233.99"
                    }
                  ],
                  "id": "D-0-mask-part-2_0",
                  "name": "D-0-mask-part-2_0",
                  "style": {
                    "classes": "ia_pipeIsolate"
                  },
                  "type": "group"
                },
                {
                  "elements": [
                    {
                      "href": "#D-0-mask-part-background",
                      "name": "use",
                      "type": "use"
                    },
                    {
                      "href": "#D-0-mask-part-0",
                      "name": "use",
                      "type": "use"
                    },
                    {
                      "href": "#D-0-mask-part-0_0",
                      "name": "use",
                      "type": "use"
                    }
                  ],
                  "id": "D-0-mask-0_0",
                  "maskUnits": "objectBoundingBox",
                  "name": "D-0-mask-0_0",
                  "type": "mask"
                },
                {
                  "elements": [
                    {
                      "href": "#D-0-mask-part-background",
                      "name": "use",
                      "type": "use"
                    },
                    {
                      "href": "#D-0-mask-part-1",
                      "name": "use",
                      "type": "use"
                    },
                    {
                      "href": "#D-0-mask-part-1_0",
                      "name": "use",
                      "type": "use"
                    }
                  ],
                  "id": "D-0-mask-1_0",
                  "maskUnits": "objectBoundingBox",
                  "name": "D-0-mask-1_0",
                  "type": "mask"
                },
                {
                  "elements": [
                    {
                      "href": "#D-0-mask-part-background",
                      "name": "use",
                      "type": "use"
                    },
                    {
                      "href": "#D-0-mask-part-1_0",
                      "name": "use",
                      "type": "use"
                    },
                    {
                      "href": "#D-0-mask-part-1_0_0",
                      "name": "use",
                      "type": "use"
                    }
                  ],
                  "id": "D-0-mask-1_0_0",
                  "maskUnits": "objectBoundingBox",
                  "name": "D-0-mask-1_0_0",
                  "type": "mask"
                },
                {
                  "elements": [
                    {
                      "href": "#D-0-mask-part-background",
                      "name": "use",
                      "type": "use"
                    },
                    {
                      "href": "#D-0-mask-part-2",
                      "name": "use",
                      "type": "use"
                    },
                    {
                      "href": "#D-0-mask-part-2_0",
                      "name": "use",
                      "type": "use"
                    }
                  ],
                  "id": "D-0-mask-2_0",
                  "maskUnits": "objectBoundingBox",
                  "name": "D-0-mask-2_0",
                  "type": "mask"
                },
                {
                  "elements": [
                    {
                      "href": "#D-0-mask-part-background",
                      "name": "use",
                      "type": "use"
                    },
                    {
                      "href": "#D-0-mask-part-2_0",
                      "name": "use",
                      "type": "use"
                    },
                    {
                      "href": "#D-0-mask-part-2_0_0",
                      "name": "use",
                      "type": "use"
                    }
                  ],
                  "id": "D-0-mask-2_0_0",
                  "maskUnits": "objectBoundingBox",
                  "name": "D-0-mask-2_0_0",
                  "type": "mask"
                },
                {
                  "elements": [
                    {
                      "href": "#D-0-mask-part-background",
                      "name": "use",
                      "type": "use"
                    },
                    {
                      "href": "#D-0-mask-part-3",
                      "name": "use",
                      "type": "use"
                    },
                    {
                      "href": "#D-0-mask-part-3_0",
                      "name": "use",
                      "type": "use"
                    }
                  ],
                  "id": "D-0-mask-3_0",
                  "maskUnits": "objectBoundingBox",
                  "name": "D-0-mask-3_0",
                  "type": "mask"
                }
              ],
              "name": "defs",
              "type": "defs"
            },
            {
              "elements": [
                {
                  "elements": [
                    {
                      "height": "10",
                      "name": "rect",
                      "style": {
                        "classes": "ia_pipeSegment"
                      },
                      "transform": "rotate(180 539.17 236.99)",
                      "type": "rect",
                      "width": "40.079999999999984",
                      "x": "539.17",
                      "y": "231.99"
                    }
                  ],
                  "mask": "url(#D-0-mask-0_0)",
                  "name": "group",
                  "style": {
                    "classes": "ia_pipeIsolate ia_pipeSegment"
                  },
                  "type": "group"
                }
              ],
              "name": "group",
              "style": {
                "classes": "ia_pipe ia_pipeIsolate"
              },
              "type": "group"
            },
            {
              "elements": [
                {
                  "elements": [
                    {
                      "height": "10",
                      "name": "rect",
                      "style": {
                        "classes": "ia_pipeSegment"
                      },
                      "transform": "rotate(0 560.91 237.49)",
                      "type": "rect",
                      "width": "126",
                      "x": "560.91",
                      "y": "232.49"
                    }
                  ],
                  "mask": "url(#D-0-mask-1_0)",
                  "name": "group",
                  "style": {
                    "classes": "ia_pipeIsolate ia_pipeSegment"
                  },
                  "type": "group"
                },
                {
                  "elements": [
                    {
                      "cx": "686.91",
                      "cy": "237.49",
                      "name": "circle",
                      "r": "4",
                      "stroke": {
                        "paint": "transparent"
                      },
                      "style": {
                        "classes": "ia_pipeSegmentNode"
                      },
                      "type": "circle"
                    },
                    {
                      "height": "8",
                      "name": "rect",
                      "style": {
                        "classes": "ia_pipeSegment ia_pipeSegmentOverlay"
                      },
                      "transform": "rotate(180 686.91 237.49)",
                      "type": "rect",
                      "width": "63",
                      "x": "687.91",
                      "y": "233.49"
                    },
                    {
                      "height": "8",
                      "name": "rect",
                      "style": {
                        "classes": "ia_pipeSegment ia_pipeSegmentOverlay"
                      },
                      "transform": "rotate(90 686.91 237.49)",
                      "type": "rect",
                      "width": "59.5",
                      "x": "687.91",
                      "y": "233.49"
                    }
                  ],
                  "name": "group",
                  "style": {
                    "classes": "ia_pipeIsolate"
                  },
                  "type": "group"
                },
                {
                  "elements": [
                    {
                      "height": "10",
                      "name": "rect",
                      "style": {
                        "classes": "ia_pipeSegment"
                      },
                      "transform": "rotate(90 686.91 237.49)",
                      "type": "rect",
                      "width": "119",
                      "x": "686.91",
                      "y": "232.49"
                    },
                    {
                      "cx": "686.91",
                      "cy": "237.49",
                      "name": "circle",
                      "r": "5",
                      "style": {
                        "classes": "ia_pipeSegmentNode"
                      },
                      "type": "circle"
                    }
                  ],
                  "mask": "url(#D-0-mask-1_0_0)",
                  "name": "group",
                  "style": {
                    "classes": "ia_pipeIsolate ia_pipeSegment"
                  },
                  "type": "group"
                }
              ],
              "name": "group",
              "style": {
                "classes": "ia_pipe ia_pipeIsolate"
              },
              "type": "group"
            },
            {
              "elements": [
                {
                  "elements": [
                    {
                      "height": "10",
                      "name": "rect",
                      "style": {
                        "classes": "ia_pipeSegment"
                      },
                      "transform": "rotate(270 94.42 449.51)",
                      "type": "rect",
                      "width": "211.51999999999998",
                      "x": "94.42",
                      "y": "444.51"
                    }
                  ],
                  "mask": "url(#D-0-mask-2_0)",
                  "name": "group",
                  "style": {
                    "classes": "ia_pipeIsolate ia_pipeSegment"
                  },
                  "type": "group"
                },
                {
                  "elements": [
                    {
                      "cx": "94.42",
                      "cy": "237.99",
                      "name": "circle",
                      "r": "4",
                      "stroke": {
                        "paint": "transparent"
                      },
                      "style": {
                        "classes": "ia_pipeSegmentNode"
                      },
                      "type": "circle"
                    },
                    {
                      "height": "8",
                      "name": "rect",
                      "style": {
                        "classes": "ia_pipeSegment ia_pipeSegmentOverlay"
                      },
                      "transform": "rotate(90 94.42 237.99)",
                      "type": "rect",
                      "width": "105.75999999999999",
                      "x": "95.42",
                      "y": "233.99"
                    },
                    {
                      "height": "8",
                      "name": "rect",
                      "style": {
                        "classes": "ia_pipeSegment ia_pipeSegmentOverlay"
                      },
                      "transform": "rotate(0 94.42 237.99)",
                      "type": "rect",
                      "width": "72.83500000000001",
                      "x": "95.42",
                      "y": "233.99"
                    }
                  ],
                  "name": "group",
                  "style": {
                    "classes": "ia_pipeIsolate"
                  },
                  "type": "group"
                },
                {
                  "elements": [
                    {
                      "height": "10",
                      "name": "rect",
                      "style": {
                        "classes": "ia_pipeSegment"
                      },
                      "transform": "rotate(0 94.42 237.99)",
                      "type": "rect",
                      "width": "145.67000000000002",
                      "x": "94.42",
                      "y": "232.99"
                    },
                    {
                      "cx": "94.42",
                      "cy": "237.99",
                      "name": "circle",
                      "r": "5",
                      "style": {
                        "classes": "ia_pipeSegmentNode"
                      },
                      "type": "circle"
                    }
                  ],
                  "mask": "url(#D-0-mask-2_0_0)",
                  "name": "group",
                  "style": {
                    "classes": "ia_pipeIsolate ia_pipeSegment"
                  },
                  "type": "group"
                }
              ],
              "name": "group",
              "style": {
                "classes": "ia_pipe ia_pipeIsolate"
              },
              "type": "group"
            },
            {
              "elements": [
                {
                  "elements": [
                    {
                      "height": "10",
                      "name": "rect",
                      "style": {
                        "classes": "ia_pipeSegment"
                      },
                      "transform": "rotate(0 286.91 237.99)",
                      "type": "rect",
                      "width": "16.329999999999984",
                      "x": "286.91",
                      "y": "232.99"
                    }
                  ],
                  "mask": "url(#D-0-mask-3_0)",
                  "name": "group",
                  "style": {
                    "classes": "ia_pipeIsolate ia_pipeSegment"
                  },
                  "type": "group"
                }
              ],
              "name": "group",
              "style": {
                "classes": "ia_pipe ia_pipeIsolate"
              },
              "type": "group"
            }
          ],
          "preserveAspectRatio": "none",
          "style": {
            "classes": "ia_piping"
          },
          "viewBox": "-8 -8 16 16"
        },
        "type": "ia.shapes.svg"
      },
      {
        "events": {
          "dom": {
            "onClick": {
              "config": {
                "draggable": true,
                "id": "OfbStMhH",
                "modal": false,
                "overlayDismiss": false,
                "resizable": true,
                "showCloseIcon": true,
                "type": "open",
                "viewPath": "Main/SystemFolder/poolValues",
                "viewportBound": false
              },
              "scope": "C",
              "type": "popup"
            }
          }
        },
        "meta": {
          "name": "CylindricalTank"
        },
        "position": {
          "height": 270,
          "width": 209,
          "x": 329,
          "y": 45.32
        },
        "propConfig": {
          "props.value": {
            "binding": {
              "config": {
                "fallbackDelay": 2.5,
                "mode": "direct",
                "tagPath": "[default]Nivaats"
              },
              "type": "tag"
            }
          }
        },
        "type": "ia.display.cylindrical-tank"
      },
      {
        "meta": {
          "name": "Levelindicator"
        },
        "position": {
          "height": 230.00000000000006,
          "width": 71,
          "x": 309.25,
          "y": 428
        },
        "propConfig": {
          "props.processValue": {
            "binding": {
              "config": {
                "fallbackDelay": 2.5,
                "mode": "direct",
                "tagPath": "[default]Nivaats"
              },
              "type": "tag"
            }
          }
        },
        "props": {
          "desiredHigh": 65,
          "desiredLow": 35,
          "highAlarm": 70,
          "highHighAlarm": 90,
          "highInterlock": null,
          "label": {
            "visible": true
          },
          "lowAlarm": 30,
          "lowInterlock": null,
          "lowLowAlarm": 20,
          "setpointValue": 50
        },
        "type": "ia.display.moving-analog-indicator"
      },
      {
        "meta": {
          "name": "FlowInIndicator"
        },
        "position": {
          "height": 230.00000000000006,
          "width": 71,
          "x": 370.75,
          "y": 428
        },
        "propConfig": {
          "props.processValue": {
            "binding": {
              "config": {
                "fallbackDelay": 2.5,
                "mode": "direct",
                "tagPath": "[default]FlowInn"
              },
              "type": "tag"
            }
          }
        },
        "props": {
          "desiredHigh": 90,
          "desiredLow": 10,
          "highAlarm": 95,
          "highHighAlarm": null,
          "highInterlock": null,
          "label": {
            "visible": true
          },
          "lowAlarm": 5,
          "lowInterlock": null,
          "lowLowAlarm": null
        },
        "type": "ia.display.moving-analog-indicator"
      },
      {
        "meta": {
          "name": "PadragIndicator"
        },
        "position": {
          "height": 230.00000000000006,
          "width": 71,
          "x": 488.5,
          "y": 429
        },
        "propConfig": {
          "props.processValue": {
            "binding": {
              "config": {
                "fallbackDelay": 2.5,
                "mode": "direct",
                "tagPath": "[default]PumpePaadrag"
              },
              "type": "tag"
            }
          }
        },
        "props": {
          "desiredHigh": 95,
          "desiredLow": 5,
          "highAlarm": 100,
          "highHighAlarm": null,
          "highInterlock": null,
          "label": {
            "visible": true
          },
          "lowAlarm": 0,
          "lowInterlock": null,
          "lowLowAlarm": null
        },
        "type": "ia.display.moving-analog-indicator"
      },
      {
        "meta": {
          "name": "FlowUtIndicator"
        },
        "position": {
          "height": 230.00000000000006,
          "width": 71,
          "x": 427,
          "y": 430
        },
        "propConfig": {
          "props.processValue": {
            "binding": {
              "config": {
                "fallbackDelay": 2.5,
                "mode": "direct",
                "tagPath": "[default]FlowUt"
              },
              "type": "tag"
            }
          }
        },
        "props": {
          "desiredHigh": 90,
          "desiredLow": 10,
          "highAlarm": 95,
          "highHighAlarm": null,
          "highInterlock": null,
          "label": {
            "visible": true
          },
          "lowAlarm": 5,
          "lowInterlock": null,
          "lowLowAlarm": null
        },
        "type": "ia.display.moving-analog-indicator"
      },
      {
        "meta": {
          "name": "Label_4"
        },
        "position": {
          "height": 32,
          "width": 50,
          "x": 325.25,
          "y": 653
        },
        "props": {
          "text": "Vann nivå"
        },
        "type": "ia.display.label"
      },
      {
        "meta": {
          "name": "Label_5"
        },
        "position": {
          "height": 32,
          "width": 50,
          "x": 389.25,
          "y": 655
        },
        "props": {
          "text": "Flow inn"
        },
        "type": "ia.display.label"
      },
      {
        "meta": {
          "name": "Label_6"
        },
        "position": {
          "height": 32,
          "width": 50,
          "x": 446.75,
          "y": 654
        },
        "props": {
          "text": "Flow ut"
        },
        "type": "ia.display.label"
      },
      {
        "meta": {
          "name": "Label_7"
        },
        "position": {
          "height": 32,
          "width": 50,
          "x": 502.75,
          "y": 655
        },
        "props": {
          "text": "Pumpe pådrag"
        },
        "type": "ia.display.label"
      },
      {
        "meta": {
          "name": "Label_8"
        },
        "position": {
          "height": 32,
          "width": 164,
          "x": 97,
          "y": 759
        },
        "props": {
          "text": "Simulator hastighet : "
        },
        "type": "ia.display.label"
      },
      {
        "custom": {
          "speed1": 1
        },
        "events": {
          "component": {
            "onActionPerformed": {
              "config": {
                "script": "\tself.props.style.classes \u003d \"btn btn-success\"\n\t"
              },
              "scope": "G",
              "type": "script"
            }
          },
          "dom": {
            "onClick": {
              "config": {
                "script": "\tspeed \u003d 1\n\tsystem.tag.write(\"SimSpeed\", speed)\n\tself.props.style.classes \u003d \"btn btn-success\"\n\t"
              },
              "scope": "G",
              "type": "script"
            }
          }
        },
        "meta": {
          "name": "speed1"
        },
        "position": {
          "height": 34,
          "width": 80,
          "x": 295.5,
          "y": 759
        },
        "propConfig": {
          "props.primary": {
            "binding": {
              "config": {
                "fallbackDelay": 2.5,
                "mode": "direct",
                "tagPath": "[default]SimSpeed"
              },
              "transforms": [
                {
                  "fallback": false,
                  "inputType": "scalar",
                  "mappings": [
                    {
                      "input": 1,
                      "output": true
                    }
                  ],
                  "outputType": "scalar",
                  "type": "map"
                }
              ],
              "type": "tag"
            }
          }
        },
        "props": {
          "text": "1X"
        },
        "type": "ia.input.button"
      },
      {
        "custom": {
          "speed2": 2
        },
        "events": {
          "dom": {
            "onClick": {
              "config": {
                "script": "\n\tspeed \u003d 2\n\tsystem.tag.write(\"SimSpeed\", speed)"
              },
              "scope": "G",
              "type": "script"
            }
          }
        },
        "meta": {
          "name": "speed2"
        },
        "position": {
          "height": 34,
          "width": 80,
          "x": 386.5,
          "y": 759
        },
        "propConfig": {
          "props.primary": {
            "binding": {
              "config": {
                "fallbackDelay": 2.5,
                "mode": "direct",
                "tagPath": "[default]SimSpeed"
              },
              "transforms": [
                {
                  "fallback": false,
                  "inputType": "scalar",
                  "mappings": [
                    {
                      "input": 2,
                      "output": true
                    }
                  ],
                  "outputType": "scalar",
                  "type": "map"
                }
              ],
              "type": "tag"
            }
          }
        },
        "props": {
          "text": "2X"
        },
        "type": "ia.input.button"
      },
      {
        "events": {
          "dom": {
            "onClick": {
              "config": {
                "script": "\n\tspeed \u003d 10\n\tsystem.tag.write(\"SimSpeed\", speed)"
              },
              "scope": "G",
              "type": "script"
            }
          }
        },
        "meta": {
          "name": "speed10"
        },
        "position": {
          "height": 34,
          "width": 80,
          "x": 569.5,
          "y": 759
        },
        "propConfig": {
          "props.primary": {
            "binding": {
              "config": {
                "fallbackDelay": 2.5,
                "mode": "direct",
                "tagPath": "[default]SimSpeed"
              },
              "transforms": [
                {
                  "fallback": false,
                  "inputType": "scalar",
                  "mappings": [
                    {
                      "input": 10,
                      "output": true
                    }
                  ],
                  "outputType": "scalar",
                  "type": "map"
                }
              ],
              "type": "tag"
            }
          }
        },
        "props": {
          "text": "10X"
        },
        "type": "ia.input.button"
      },
      {
        "events": {
          "dom": {
            "onClick": {
              "config": {
                "script": "\n\tspeed \u003d 5\n\tsystem.tag.write(\"SimSpeed\", speed)"
              },
              "scope": "G",
              "type": "script"
            }
          }
        },
        "meta": {
          "name": "speed5"
        },
        "position": {
          "height": 34,
          "width": 80,
          "x": 478.5,
          "y": 759
        },
        "propConfig": {
          "props.primary": {
            "binding": {
              "config": {
                "fallbackDelay": 2.5,
                "mode": "direct",
                "tagPath": "[default]SimSpeed"
              },
              "transforms": [
                {
                  "fallback": false,
                  "inputType": "scalar",
                  "mappings": [
                    {
                      "input": 5,
                      "output": true
                    }
                  ],
                  "outputType": "scalar",
                  "type": "map"
                }
              ],
              "type": "tag"
            }
          }
        },
        "props": {
          "text": "5X"
        },
        "type": "ia.input.button"
      },
      {
        "meta": {
          "name": "ToggleSwitch"
        },
        "position": {
          "height": 64,
          "width": 130,
          "x": 12.8132,
          "y": 4.339
        },
        "propConfig": {
          "props.selected": {
            "binding": {
              "config": {
                "bidirectional": true,
                "fallbackDelay": 2.5,
                "mode": "direct",
                "tagPath": "[default]StartSim"
              },
              "type": "tag"
            }
          }
        },
        "props": {
          "label": {
            "position": "left",
            "text": "System start"
          }
        },
        "type": "ia.input.toggle-switch"
      },
      {
        "events": {
          "dom": {
            "onClick": {
              "config": {
                "script": "\n\tspeed \u003d 30\n\tsystem.tag.write(\"SimSpeed\", speed)"
              },
              "scope": "G",
              "type": "script"
            }
          }
        },
        "meta": {
          "name": "speed11"
        },
        "position": {
          "height": 34,
          "width": 80,
          "x": 661.5,
          "y": 759
        },
        "propConfig": {
          "props.primary": {
            "binding": {
              "config": {
                "fallbackDelay": 2.5,
                "mode": "direct",
                "tagPath": "[default]SimSpeed"
              },
              "transforms": [
                {
                  "fallback": false,
                  "inputType": "scalar",
                  "mappings": [
                    {
                      "input": 30,
                      "output": true
                    }
                  ],
                  "outputType": "scalar",
                  "type": "map"
                }
              ],
              "type": "tag"
            }
          }
        },
        "props": {
          "text": "30X"
        },
        "type": "ia.input.button"
      },
      {
        "meta": {
          "name": "Sensor"
        },
        "position": {
          "height": 66,
          "width": 76,
          "x": 544.5,
          "y": 173.823
        },
        "props": {
          "appearance": "p\u0026id",
          "label": {
            "text": ""
          },
          "value": {
            "text": "M"
          }
        },
        "type": "ia.symbol.sensor"
      },
      {
        "meta": {
          "name": "Sensor_0"
        },
        "position": {
          "height": 66,
          "width": 76,
          "x": 246,
          "y": 173.646
        },
        "props": {
          "appearance": "p\u0026id",
          "label": {
            "text": ""
          },
          "value": {
            "text": "M"
          }
        },
        "type": "ia.symbol.sensor"
      },
      {
        "events": {
          "dom": {
            "onClick": {
              "config": {
                "draggable": true,
                "id": "3GZaGYZd",
                "modal": false,
                "overlayDismiss": false,
                "resizable": true,
                "showCloseIcon": true,
                "type": "open",
                "viewPath": "Main/SystemFolder/flowout",
                "viewportBound": false
              },
              "scope": "C",
              "type": "popup"
            }
          }
        },
        "meta": {
          "name": "Sensor_1"
        },
        "position": {
          "height": 66,
          "width": 76,
          "x": 736,
          "y": 205.94
        },
        "propConfig": {
          "props.state": {
            "binding": {
              "config": {
                "fallbackDelay": 2.5,
                "mode": "direct",
                "tagPath": "[default]FlowUt"
              },
              "transforms": [
                {
                  "fallback": "stopped",
                  "inputType": "range",
                  "mappings": [
                    {
                      "input": {
                        "max": 999,
                        "min": 1
                      },
                      "output": "running"
                    },
                    {
                      "input": {
                        "max": -1,
                        "min": -999
                      },
                      "output": ""
                    }
                  ],
                  "outputType": "scalar",
                  "type": "map"
                }
              ],
              "type": "tag"
            }
          }
        },
        "props": {
          "appearance": "p\u0026id",
          "label": {
            "text": ""
          },
          "orientation": "left",
          "value": {
            "text": "FT2"
          }
        },
        "type": "ia.symbol.sensor"
      },
      {
        "events": {
          "dom": {
            "onClick": {
              "config": {
                "draggable": true,
                "id": "JD0qODc4",
                "modal": false,
                "overlayDismiss": false,
                "resizable": true,
                "showCloseIcon": true,
                "type": "open",
                "viewPath": "Main/SystemFolder/flowinn",
                "viewportBound": false
              },
              "scope": "C",
              "type": "popup"
            }
          }
        },
        "meta": {
          "name": "Sensor_2"
        },
        "position": {
          "height": 66,
          "width": 76,
          "x": 47,
          "y": 206.378
        },
        "propConfig": {
          "props.state": {
            "binding": {
              "config": {
                "fallbackDelay": 2.5,
                "mode": "direct",
                "tagPath": "[default]FlowInn"
              },
              "transforms": [
                {
                  "fallback": "stopped",
                  "inputType": "range",
                  "mappings": [
                    {
                      "input": {
                        "max": 120,
                        "min": 1
                      },
                      "output": "running"
                    },
                    {
                      "input": {
                        "max": -1,
                        "min": -999
                      },
                      "output": "faulted"
                    }
                  ],
                  "outputType": "scalar",
                  "type": "map"
                }
              ],
              "type": "tag"
            }
          }
        },
        "props": {
          "appearance": "p\u0026id",
          "label": {
            "text": ""
          },
          "orientation": "right",
          "value": {
            "text": "FT1"
          }
        },
        "type": "ia.symbol.sensor"
      },
      {
        "meta": {
          "name": "ToggleSwitch_0"
        },
        "position": {
          "height": 64,
          "width": 167,
          "x": 142.81,
          "y": 4.34
        },
        "propConfig": {
          "props.selected": {
            "binding": {
              "config": {
                "bidirectional": true,
                "fallbackDelay": 2.5,
                "mode": "direct",
                "tagPath": "[default]PrisOgProfil"
              },
              "type": "tag"
            }
          }
        },
        "props": {
          "label": {
            "position": "left",
            "text": "Innhent strømpriser"
          }
        },
        "type": "ia.input.toggle-switch"
      },
      {
        "meta": {
          "name": "PowerChart"
        },
        "position": {
          "height": 780,
          "width": 895.9999999999999,
          "x": 897.86,
          "y": 17.45
        },
        "props": {
          "config": {
            "rangeEndDate": {
              "$": [
                "ts",
                0,
                1682942173223
              ],
              "$ts": 1682942161168
            },
            "rangeStartDate": {
              "$": [
                "ts",
                0,
                1682942173222
              ],
              "$ts": 1682938573168
            },
            "unitOfTime": 1
          },
          "interaction": {
            "chartZoomLevel": 1,
            "rangeZoomLevel": 1
          },
          "pens": [
            {
              "axis": "",
              "data": {
                "aggregateMode": "default",
                "source": "histprov:HistorianTags:/drv:default:/tag:flowinn"
              },
              "display": {
                "breakLine": true,
                "interpolation": "curveLinear",
                "radius": 3,
                "styles": {
                  "highlighted": {
                    "fill": {
                      "color": "#63BEA2",
                      "opacity": 1
                    },
                    "stroke": {
                      "color": "#63BEA2",
                      "dashArray": 0,
                      "opacity": 1,
                      "width": 2
                    }
                  },
                  "muted": {
                    "fill": {
                      "color": "#63BEA2",
                      "opacity": 0.4
                    },
                    "stroke": {
                      "color": "#63BEA2",
                      "dashArray": 0,
                      "opacity": 0.4,
                      "width": 2
                    }
                  },
                  "normal": {
                    "fill": {
                      "color": "#63BEA2",
                      "opacity": 0.8
                    },
                    "stroke": {
                      "color": "#63BEA2",
                      "dashArray": 0,
                      "opacity": 0.8,
                      "width": 2
                    }
                  },
                  "selected": {
                    "fill": {
                      "color": "#63BEA2",
                      "opacity": 1
                    },
                    "stroke": {
                      "color": "#63BEA2",
                      "dashArray": 0,
                      "opacity": 1,
                      "width": 2
                    }
                  }
                },
                "type": "line"
              },
              "enabled": true,
              "name": "flowinn",
              "plot": 0,
              "selectable": true,
              "visible": true
            },
            {
              "axis": "",
              "data": {
                "aggregateMode": "default",
                "source": "histprov:HistorianTags:/drv:default:/tag:flowut"
              },
              "display": {
                "breakLine": true,
                "interpolation": "curveLinear",
                "radius": 3,
                "styles": {
                  "highlighted": {
                    "fill": {
                      "color": "#FC8D62",
                      "opacity": 1
                    },
                    "stroke": {
                      "color": "#fc8d62",
                      "dashArray": 0,
                      "opacity": 1,
                      "width": 2
                    }
                  },
                  "muted": {
                    "fill": {
                      "color": "#FC8D62",
                      "opacity": 0.4
                    },
                    "stroke": {
                      "color": "#fc8d62",
                      "dashArray": 0,
                      "opacity": 0.4,
                      "width": 2
                    }
                  },
                  "normal": {
                    "fill": {
                      "color": "#FC8D62",
                      "opacity": 0.8
                    },
                    "stroke": {
                      "color": "#fc8d62",
                      "dashArray": 0,
                      "opacity": 0.8,
                      "width": 2
                    }
                  },
                  "selected": {
                    "fill": {
                      "color": "#FC8D62",
                      "opacity": 1
                    },
                    "stroke": {
                      "color": "#fc8d62",
                      "dashArray": 0,
                      "opacity": 1,
                      "width": 2
                    }
                  }
                },
                "type": "line"
              },
              "enabled": true,
              "name": "flowut",
              "plot": 0,
              "selectable": true,
              "visible": true
            },
            {
              "axis": "",
              "data": {
                "aggregateMode": "default",
                "source": "histprov:HistorianTags:/drv:default:/tag:nivaats"
              },
              "display": {
                "breakLine": true,
                "interpolation": "curveLinear",
                "radius": 3,
                "styles": {
                  "highlighted": {
                    "fill": {
                      "color": "#8DA0CB",
                      "opacity": 1
                    },
                    "stroke": {
                      "color": "#8da0cb",
                      "dashArray": 0,
                      "opacity": 1,
                      "width": 2
                    }
                  },
                  "muted": {
                    "fill": {
                      "color": "#8DA0CB",
                      "opacity": 0.4
                    },
                    "stroke": {
                      "color": "#8da0cb",
                      "dashArray": 0,
                      "opacity": 0.4,
                      "width": 2
                    }
                  },
                  "normal": {
                    "fill": {
                      "color": "#8DA0CB",
                      "opacity": 0.8
                    },
                    "stroke": {
                      "color": "#8da0cb",
                      "dashArray": 0,
                      "opacity": 0.8,
                      "width": 2
                    }
                  },
                  "selected": {
                    "fill": {
                      "color": "#8DA0CB",
                      "opacity": 1
                    },
                    "stroke": {
                      "color": "#8da0cb",
                      "dashArray": 0,
                      "opacity": 1,
                      "width": 2
                    }
                  }
                },
                "type": "line"
              },
              "enabled": true,
              "name": "nivaats",
              "plot": 0,
              "selectable": true,
              "visible": true
            },
            {
              "axis": "",
              "data": {
                "aggregateMode": "default",
                "source": "histprov:HistorianTags:/drv:default:/tag:pumpepaadrag"
              },
              "display": {
                "breakLine": true,
                "interpolation": "curveLinear",
                "radius": 3,
                "styles": {
                  "highlighted": {
                    "fill": {
                      "color": "#E78AC3",
                      "opacity": 1
                    },
                    "stroke": {
                      "color": "#e78ac3",
                      "dashArray": 0,
                      "opacity": 1,
                      "width": 2
                    }
                  },
                  "muted": {
                    "fill": {
                      "color": "#E78AC3",
                      "opacity": 0.4
                    },
                    "stroke": {
                      "color": "#e78ac3",
                      "dashArray": 0,
                      "opacity": 0.4,
                      "width": 2
                    }
                  },
                  "normal": {
                    "fill": {
                      "color": "#E78AC3",
                      "opacity": 0.8
                    },
                    "stroke": {
                      "color": "#e78ac3",
                      "dashArray": 0,
                      "opacity": 0.8,
                      "width": 2
                    }
                  },
                  "selected": {
                    "fill": {
                      "color": "#E78AC3",
                      "opacity": 1
                    },
                    "stroke": {
                      "color": "#e78ac3",
                      "dashArray": 0,
                      "opacity": 1,
                      "width": 2
                    }
                  }
                },
                "type": "line"
              },
              "enabled": true,
              "name": "pumpepaadrag",
              "plot": 0,
              "selectable": true,
              "visible": true
            },
            {
              "axis": "",
              "data": {
                "aggregateMode": "default",
                "source": "histprov:HistorianTags:/drv:default:/tag:settpunkt"
              },
              "display": {
                "breakLine": true,
                "interpolation": "curveLinear",
                "radius": 3,
                "styles": {
                  "highlighted": {
                    "fill": {
                      "color": "#A6D854",
                      "opacity": 1
                    },
                    "stroke": {
                      "color": "#a6d854",
                      "dashArray": 0,
                      "opacity": 1,
                      "width": 2
                    }
                  },
                  "muted": {
                    "fill": {
                      "color": "#A6D854",
                      "opacity": 0.4
                    },
                    "stroke": {
                      "color": "#a6d854",
                      "dashArray": 0,
                      "opacity": 0.4,
                      "width": 2
                    }
                  },
                  "normal": {
                    "fill": {
                      "color": "#A6D854",
                      "opacity": 0.8
                    },
                    "stroke": {
                      "color": "#a6d854",
                      "dashArray": 0,
                      "opacity": 0.8,
                      "width": 2
                    }
                  },
                  "selected": {
                    "fill": {
                      "color": "#A6D854",
                      "opacity": 1
                    },
                    "stroke": {
                      "color": "#a6d854",
                      "dashArray": 0,
                      "opacity": 1,
                      "width": 2
                    }
                  }
                },
                "type": "line"
              },
              "enabled": true,
              "name": "settpunkt",
              "plot": 0,
              "selectable": true,
              "visible": true
            }
          ]
        },
        "type": "ia.chart.powerchart"
      }
    ],
    "meta": {
      "name": "root"
    },
    "props": {
      "pipes": [
        {
          "appearance": "auto",
          "end": "none",
          "fill": "",
          "flanges": true,
          "lineVariant": "solid",
          "name": "pipe_1",
          "origin": {
            "connections": [
              {
                "x": 520.09,
                "y": 237.99
              }
            ],
            "x": 560.17,
            "y": 237.99
          },
          "start": "none",
          "stroke": "",
          "visible": true,
          "width": 10
        },
        {
          "appearance": "auto",
          "end": "none",
          "fill": "",
          "flanges": true,
          "lineVariant": "solid",
          "name": "pipe",
          "origin": {
            "connections": [
              {
                "connections": [
                  {
                    "x": 732.91,
                    "y": 357.49
                  }
                ],
                "x": 732.91,
                "y": 238.49
              }
            ],
            "x": 606.91,
            "y": 238.49
          },
          "start": "none",
          "stroke": "",
          "visible": true,
          "width": 10
        },
        {
          "appearance": "auto",
          "end": "none",
          "fill": "",
          "flanges": true,
          "lineVariant": "solid",
          "name": "pipe_0",
          "origin": {
            "connections": [
              {
                "connections": [
                  {
                    "x": 273.09,
                    "y": 238.99
                  }
                ],
                "x": 127.42,
                "y": 238.99
              }
            ],
            "x": 127.42,
            "y": 450.51
          },
          "start": "none",
          "stroke": "",
          "visible": true,
          "width": 10
        },
        {
          "appearance": "auto",
          "end": "none",
          "fill": "",
          "flanges": true,
          "lineVariant": "solid",
          "name": "pipe_2",
          "origin": {
            "connections": [
              {
                "x": 339.75,
                "y": 238.44
              }
            ],
            "x": 306.48,
            "y": 238.44
          },
          "start": "none",
          "stroke": "",
          "visible": true,
          "width": 10
        }
      ]
    },
    "type": "ia.container.coord"
  }
}