{
  "custom": {},
  "params": {},
  "props": {
    "defaultSize": {
      "width": 1500
    }
  },
  "root": {
    "children": [
      {
        "events": {
          "dom": {
            "onClick": {
              "config": {
                "draggable": true,
                "id": "GLgRGhys",
                "modal": false,
                "overlayDismiss": false,
                "resizable": true,
                "showCloseIcon": true,
                "type": "open",
                "viewPath": "Main/pumpValues",
                "viewportBound": false
              },
              "scope": "C",
              "type": "popup"
            }
          }
        },
        "meta": {
          "name": "Pump"
        },
        "position": {
          "height": 100,
          "width": 125,
          "x": 38.5,
          "y": 447
        },
        "props": {
          "label": {
            "text": "Pumpstation"
          },
          "orientation": "top"
        },
        "type": "ia.symbol.pump"
      },
      {
        "meta": {
          "name": "PowerChart"
        },
        "position": {
          "height": 556,
          "width": 583.9999999999999,
          "x": 793.6,
          "y": 21.78
        },
        "props": {
          "interaction": {
            "chartZoomLevel": 1,
            "rangeZoomLevel": 1
          }
        },
        "type": "ia.chart.powerchart"
      },
      {
        "events": {
          "dom": {
            "onClick": {
              "config": {
                "draggable": true,
                "id": "jyv4v9ZJ",
                "modal": false,
                "overlayDismiss": false,
                "resizable": true,
                "showCloseIcon": true,
                "type": "open",
                "viewPath": "Main/valve1",
                "viewportBound": false
              },
              "scope": "C",
              "type": "popup"
            }
          }
        },
        "meta": {
          "name": "Valve_0"
        },
        "position": {
          "height": 100,
          "rotate": {
            "anchor": "75% 50%"
          },
          "width": 125,
          "x": 201,
          "y": 189.6736717529297
        },
        "props": {
          "label": {
            "text": "Valve\n in\n"
          }
        },
        "type": "ia.symbol.valve"
      },
      {
        "events": {
          "dom": {
            "onClick": {
              "config": {
                "draggable": true,
                "id": "snzmhohY",
                "modal": false,
                "overlayDismiss": false,
                "resizable": true,
                "showCloseIcon": true,
                "type": "open",
                "viewPath": "Main/valve2",
                "viewportBound": false
              },
              "scope": "C",
              "type": "popup"
            }
          }
        },
        "meta": {
          "name": "Valve_1"
        },
        "position": {
          "height": 100,
          "rotate": {
            "anchor": "75% 50%"
          },
          "width": 125,
          "x": 475,
          "y": 189.173
        },
        "props": {
          "label": {
            "text": "Valve\n in\n"
          }
        },
        "type": "ia.symbol.valve"
      },
      {
        "meta": {
          "name": "Image"
        },
        "position": {
          "height": 169,
          "rotate": {
            "anchor": "50% 25%"
          },
          "width": 176,
          "x": 599.9912948608398,
          "y": 327.93781967163085
        },
        "props": {
          "fit": {
            "mode": "cover"
          },
          "source": "/system/images/hus_uten.png\n"
        },
        "type": "ia.display.image"
      },
      {
        "meta": {
          "name": "Label"
        },
        "position": {
          "height": 32,
          "width": 50,
          "x": 655,
          "y": 440.948
        },
        "props": {
          "text": "Forbruk"
        },
        "type": "ia.display.label"
      },
      {
        "events": {
          "dom": {
            "onClick": {
              "config": {
                "draggable": true,
                "id": "Y1Cv0MED",
                "modal": false,
                "overlayDismiss": false,
                "resizable": true,
                "showCloseIcon": true,
                "type": "open",
                "viewPath": "Main/flowout",
                "viewportBound": false
              },
              "scope": "C",
              "type": "popup"
            }
          }
        },
        "meta": {
          "name": "LedDisplay"
        },
        "position": {
          "height": 32,
          "width": 127,
          "x": 627.5,
          "y": 157.82933587646485
        },
        "propConfig": {
          "props.value": {
            "binding": {
              "config": {
                "fallbackDelay": 2.5,
                "mode": "direct",
                "tagPath": "[Sample_Tags]Random/RandomInteger1"
              },
              "type": "tag"
            }
          }
        },
        "props": {
          "backgroundColor": "#D5D5D5",
          "diodeOffColor": "#D5D5D5",
          "diodeOnColor": "#000000"
        },
        "type": "ia.display.led-display"
      },
      {
        "events": {
          "dom": {
            "onClick": {
              "config": {
                "draggable": true,
                "id": "5eQRWL6a",
                "modal": false,
                "overlayDismiss": false,
                "resizable": true,
                "showCloseIcon": true,
                "type": "open",
                "viewPath": "Main/flowinn",
                "viewportBound": false
              },
              "scope": "C",
              "type": "popup"
            }
          }
        },
        "meta": {
          "name": "LedDisplay_0"
        },
        "position": {
          "height": 32,
          "width": 127,
          "x": 59.5,
          "y": 160.162
        },
        "propConfig": {
          "props.value": {
            "binding": {
              "config": {
                "fallbackDelay": 2.5,
                "mode": "direct",
                "tagPath": "[Sample_Tags]Random/RandomInteger2"
              },
              "type": "tag"
            }
          }
        },
        "props": {
          "backgroundColor": "#D5D5D5",
          "diodeOffColor": "#D5D5D5",
          "diodeOnColor": "#000000"
        },
        "type": "ia.display.led-display"
      },
      {
        "meta": {
          "name": "Label_0"
        },
        "position": {
          "height": 32,
          "width": 112,
          "x": 345,
          "y": 8.95
        },
        "props": {
          "text": "Høydebasseng"
        },
        "type": "ia.display.label"
      },
      {
        "meta": {
          "name": "Label_1"
        },
        "position": {
          "height": 32,
          "width": 124,
          "x": 64,
          "y": 190.2866717529297
        },
        "props": {
          "text": "Flow inn [m3/t]"
        },
        "type": "ia.display.label"
      },
      {
        "meta": {
          "name": "Label_2"
        },
        "position": {
          "height": 32,
          "width": 124,
          "x": 630,
          "y": 189.9536717529297
        },
        "props": {
          "text": "Flow ut [m3/t]"
        },
        "type": "ia.display.label"
      },
      {
        "meta": {
          "name": "LedDisplay_1"
        },
        "position": {
          "height": 32,
          "width": 88,
          "x": 57.5,
          "y": 560.108
        },
        "props": {
          "backgroundColor": "#D5D5D5",
          "diodeOffColor": "#D5D5D5",
          "diodeOnColor": "#000000",
          "value": 12
        },
        "type": "ia.display.led-display"
      },
      {
        "meta": {
          "name": "Label_3"
        },
        "position": {
          "height": 32,
          "width": 124,
          "x": 154,
          "y": 560.3911870117188
        },
        "props": {
          "text": "mA"
        },
        "type": "ia.display.label"
      },
      {
        "meta": {
          "name": "root Pipes Drawing"
        },
        "position": {
          "height": 16,
          "width": 16,
          "x": -8,
          "y": -8
        },
        "props": {
          "elements": [
            {
              "elements": [
                {
                  "height": "592.391",
                  "id": "D-0-mask-part-background",
                  "name": "D-0-mask-part-background",
                  "style": {
                    "classes": "ia_pipeMaskVisible"
                  },
                  "type": "rect",
                  "width": "1377.6"
                },
                {
                  "elements": [
                    {
                      "cx": "686.91",
                      "cy": "237.49",
                      "fill": {
                        "paint": "rgb(0, 0, 0)"
                      },
                      "name": "circle",
                      "r": "4",
                      "stroke": {
                        "paint": "transparent"
                      },
                      "style": {
                        "classes": "ia_pipeSegmentNode"
                      },
                      "type": "circle"
                    },
                    {
                      "height": "8",
                      "name": "rect",
                      "style": {
                        "classes": "ia_pipeMaskInvisible--rectangle"
                      },
                      "transform": "rotate(180 686.91 237.49)",
                      "type": "rect",
                      "width": "10",
                      "x": "687.91",
                      "y": "233.49"
                    },
                    {
                      "height": "8",
                      "name": "rect",
                      "style": {
                        "classes": "ia_pipeMaskInvisible--rectangle"
                      },
                      "transform": "rotate(90 686.91 237.49)",
                      "type": "rect",
                      "width": "10",
                      "x": "687.91",
                      "y": "233.49"
                    }
                  ],
                  "id": "D-0-mask-part-1_0",
                  "name": "D-0-mask-part-1_0",
                  "style": {
                    "classes": "ia_pipeIsolate"
                  },
                  "type": "group"
                },
                {
                  "elements": [
                    {
                      "cx": "94.42",
                      "cy": "237.99",
                      "fill": {
                        "paint": "rgb(0, 0, 0)"
                      },
                      "name": "circle",
                      "r": "4",
                      "stroke": {
                        "paint": "transparent"
                      },
                      "style": {
                        "classes": "ia_pipeSegmentNode"
                      },
                      "type": "circle"
                    },
                    {
                      "height": "8",
                      "name": "rect",
                      "style": {
                        "classes": "ia_pipeMaskInvisible--rectangle"
                      },
                      "transform": "rotate(90 94.42 237.99)",
                      "type": "rect",
                      "width": "10",
                      "x": "95.42",
                      "y": "233.99"
                    },
                    {
                      "height": "8",
                      "name": "rect",
                      "style": {
                        "classes": "ia_pipeMaskInvisible--rectangle"
                      },
                      "transform": "rotate(0 94.42 237.99)",
                      "type": "rect",
                      "width": "10",
                      "x": "95.42",
                      "y": "233.99"
                    }
                  ],
                  "id": "D-0-mask-part-2_0",
                  "name": "D-0-mask-part-2_0",
                  "style": {
                    "classes": "ia_pipeIsolate"
                  },
                  "type": "group"
                },
                {
                  "elements": [
                    {
                      "href": "#D-0-mask-part-background",
                      "name": "use",
                      "type": "use"
                    },
                    {
                      "href": "#D-0-mask-part-0",
                      "name": "use",
                      "type": "use"
                    },
                    {
                      "href": "#D-0-mask-part-0_0",
                      "name": "use",
                      "type": "use"
                    }
                  ],
                  "id": "D-0-mask-0_0",
                  "maskUnits": "objectBoundingBox",
                  "name": "D-0-mask-0_0",
                  "type": "mask"
                },
                {
                  "elements": [
                    {
                      "href": "#D-0-mask-part-background",
                      "name": "use",
                      "type": "use"
                    },
                    {
                      "href": "#D-0-mask-part-1",
                      "name": "use",
                      "type": "use"
                    },
                    {
                      "href": "#D-0-mask-part-1_0",
                      "name": "use",
                      "type": "use"
                    }
                  ],
                  "id": "D-0-mask-1_0",
                  "maskUnits": "objectBoundingBox",
                  "name": "D-0-mask-1_0",
                  "type": "mask"
                },
                {
                  "elements": [
                    {
                      "href": "#D-0-mask-part-background",
                      "name": "use",
                      "type": "use"
                    },
                    {
                      "href": "#D-0-mask-part-1_0",
                      "name": "use",
                      "type": "use"
                    },
                    {
                      "href": "#D-0-mask-part-1_0_0",
                      "name": "use",
                      "type": "use"
                    }
                  ],
                  "id": "D-0-mask-1_0_0",
                  "maskUnits": "objectBoundingBox",
                  "name": "D-0-mask-1_0_0",
                  "type": "mask"
                },
                {
                  "elements": [
                    {
                      "href": "#D-0-mask-part-background",
                      "name": "use",
                      "type": "use"
                    },
                    {
                      "href": "#D-0-mask-part-2",
                      "name": "use",
                      "type": "use"
                    },
                    {
                      "href": "#D-0-mask-part-2_0",
                      "name": "use",
                      "type": "use"
                    }
                  ],
                  "id": "D-0-mask-2_0",
                  "maskUnits": "objectBoundingBox",
                  "name": "D-0-mask-2_0",
                  "type": "mask"
                },
                {
                  "elements": [
                    {
                      "href": "#D-0-mask-part-background",
                      "name": "use",
                      "type": "use"
                    },
                    {
                      "href": "#D-0-mask-part-2_0",
                      "name": "use",
                      "type": "use"
                    },
                    {
                      "href": "#D-0-mask-part-2_0_0",
                      "name": "use",
                      "type": "use"
                    }
                  ],
                  "id": "D-0-mask-2_0_0",
                  "maskUnits": "objectBoundingBox",
                  "name": "D-0-mask-2_0_0",
                  "type": "mask"
                },
                {
                  "elements": [
                    {
                      "href": "#D-0-mask-part-background",
                      "name": "use",
                      "type": "use"
                    },
                    {
                      "href": "#D-0-mask-part-3",
                      "name": "use",
                      "type": "use"
                    },
                    {
                      "href": "#D-0-mask-part-3_0",
                      "name": "use",
                      "type": "use"
                    }
                  ],
                  "id": "D-0-mask-3_0",
                  "maskUnits": "objectBoundingBox",
                  "name": "D-0-mask-3_0",
                  "type": "mask"
                }
              ],
              "name": "defs",
              "type": "defs"
            },
            {
              "elements": [
                {
                  "elements": [
                    {
                      "height": "10",
                      "name": "rect",
                      "style": {
                        "classes": "ia_pipeSegment"
                      },
                      "transform": "rotate(180 539.17 236.99)",
                      "type": "rect",
                      "width": "40.079999999999984",
                      "x": "539.17",
                      "y": "231.99"
                    }
                  ],
                  "mask": "url(#D-0-mask-0_0)",
                  "name": "group",
                  "style": {
                    "classes": "ia_pipeIsolate ia_pipeSegment"
                  },
                  "type": "group"
                }
              ],
              "name": "group",
              "style": {
                "classes": "ia_pipe ia_pipeIsolate"
              },
              "type": "group"
            },
            {
              "elements": [
                {
                  "elements": [
                    {
                      "height": "10",
                      "name": "rect",
                      "style": {
                        "classes": "ia_pipeSegment"
                      },
                      "transform": "rotate(0 560.91 237.49)",
                      "type": "rect",
                      "width": "126",
                      "x": "560.91",
                      "y": "232.49"
                    }
                  ],
                  "mask": "url(#D-0-mask-1_0)",
                  "name": "group",
                  "style": {
                    "classes": "ia_pipeIsolate ia_pipeSegment"
                  },
                  "type": "group"
                },
                {
                  "elements": [
                    {
                      "cx": "686.91",
                      "cy": "237.49",
                      "name": "circle",
                      "r": "4",
                      "stroke": {
                        "paint": "transparent"
                      },
                      "style": {
                        "classes": "ia_pipeSegmentNode"
                      },
                      "type": "circle"
                    },
                    {
                      "height": "8",
                      "name": "rect",
                      "style": {
                        "classes": "ia_pipeSegment ia_pipeSegmentOverlay"
                      },
                      "transform": "rotate(180 686.91 237.49)",
                      "type": "rect",
                      "width": "63",
                      "x": "687.91",
                      "y": "233.49"
                    },
                    {
                      "height": "8",
                      "name": "rect",
                      "style": {
                        "classes": "ia_pipeSegment ia_pipeSegmentOverlay"
                      },
                      "transform": "rotate(90 686.91 237.49)",
                      "type": "rect",
                      "width": "59.5",
                      "x": "687.91",
                      "y": "233.49"
                    }
                  ],
                  "name": "group",
                  "style": {
                    "classes": "ia_pipeIsolate"
                  },
                  "type": "group"
                },
                {
                  "elements": [
                    {
                      "height": "10",
                      "name": "rect",
                      "style": {
                        "classes": "ia_pipeSegment"
                      },
                      "transform": "rotate(90 686.91 237.49)",
                      "type": "rect",
                      "width": "119",
                      "x": "686.91",
                      "y": "232.49"
                    },
                    {
                      "cx": "686.91",
                      "cy": "237.49",
                      "name": "circle",
                      "r": "5",
                      "style": {
                        "classes": "ia_pipeSegmentNode"
                      },
                      "type": "circle"
                    }
                  ],
                  "mask": "url(#D-0-mask-1_0_0)",
                  "name": "group",
                  "style": {
                    "classes": "ia_pipeIsolate ia_pipeSegment"
                  },
                  "type": "group"
                }
              ],
              "name": "group",
              "style": {
                "classes": "ia_pipe ia_pipeIsolate"
              },
              "type": "group"
            },
            {
              "elements": [
                {
                  "elements": [
                    {
                      "height": "10",
                      "name": "rect",
                      "style": {
                        "classes": "ia_pipeSegment"
                      },
                      "transform": "rotate(270 94.42 449.51)",
                      "type": "rect",
                      "width": "211.51999999999998",
                      "x": "94.42",
                      "y": "444.51"
                    }
                  ],
                  "mask": "url(#D-0-mask-2_0)",
                  "name": "group",
                  "style": {
                    "classes": "ia_pipeIsolate ia_pipeSegment"
                  },
                  "type": "group"
                },
                {
                  "elements": [
                    {
                      "cx": "94.42",
                      "cy": "237.99",
                      "name": "circle",
                      "r": "4",
                      "stroke": {
                        "paint": "transparent"
                      },
                      "style": {
                        "classes": "ia_pipeSegmentNode"
                      },
                      "type": "circle"
                    },
                    {
                      "height": "8",
                      "name": "rect",
                      "style": {
                        "classes": "ia_pipeSegment ia_pipeSegmentOverlay"
                      },
                      "transform": "rotate(90 94.42 237.99)",
                      "type": "rect",
                      "width": "105.75999999999999",
                      "x": "95.42",
                      "y": "233.99"
                    },
                    {
                      "height": "8",
                      "name": "rect",
                      "style": {
                        "classes": "ia_pipeSegment ia_pipeSegmentOverlay"
                      },
                      "transform": "rotate(0 94.42 237.99)",
                      "type": "rect",
                      "width": "72.83500000000001",
                      "x": "95.42",
                      "y": "233.99"
                    }
                  ],
                  "name": "group",
                  "style": {
                    "classes": "ia_pipeIsolate"
                  },
                  "type": "group"
                },
                {
                  "elements": [
                    {
                      "height": "10",
                      "name": "rect",
                      "style": {
                        "classes": "ia_pipeSegment"
                      },
                      "transform": "rotate(0 94.42 237.99)",
                      "type": "rect",
                      "width": "145.67000000000002",
                      "x": "94.42",
                      "y": "232.99"
                    },
                    {
                      "cx": "94.42",
                      "cy": "237.99",
                      "name": "circle",
                      "r": "5",
                      "style": {
                        "classes": "ia_pipeSegmentNode"
                      },
                      "type": "circle"
                    }
                  ],
                  "mask": "url(#D-0-mask-2_0_0)",
                  "name": "group",
                  "style": {
                    "classes": "ia_pipeIsolate ia_pipeSegment"
                  },
                  "type": "group"
                }
              ],
              "name": "group",
              "style": {
                "classes": "ia_pipe ia_pipeIsolate"
              },
              "type": "group"
            },
            {
              "elements": [
                {
                  "elements": [
                    {
                      "height": "10",
                      "name": "rect",
                      "style": {
                        "classes": "ia_pipeSegment"
                      },
                      "transform": "rotate(0 286.91 237.99)",
                      "type": "rect",
                      "width": "16.329999999999984",
                      "x": "286.91",
                      "y": "232.99"
                    }
                  ],
                  "mask": "url(#D-0-mask-3_0)",
                  "name": "group",
                  "style": {
                    "classes": "ia_pipeIsolate ia_pipeSegment"
                  },
                  "type": "group"
                }
              ],
              "name": "group",
              "style": {
                "classes": "ia_pipe ia_pipeIsolate"
              },
              "type": "group"
            }
          ],
          "preserveAspectRatio": "none",
          "style": {
            "classes": "ia_piping"
          },
          "viewBox": "-8 -8 16 16"
        },
        "type": "ia.shapes.svg"
      },
      {
        "events": {
          "dom": {
            "onClick": {
              "config": {
                "draggable": true,
                "id": "OfbStMhH",
                "modal": false,
                "overlayDismiss": false,
                "resizable": true,
                "showCloseIcon": true,
                "type": "open",
                "viewPath": "Main/poolValues",
                "viewportBound": false
              },
              "scope": "C",
              "type": "popup"
            }
          }
        },
        "meta": {
          "name": "CylindricalTank"
        },
        "position": {
          "height": 270,
          "width": 209,
          "x": 297,
          "y": 45.32
        },
        "propConfig": {
          "props.value": {
            "binding": {
              "config": {
                "fallbackDelay": 2.5,
                "mode": "direct",
                "tagPath": "[Sample_Tags]Random/RandomInteger1"
              },
              "type": "tag"
            }
          }
        },
        "type": "ia.display.cylindrical-tank"
      },
      {
        "meta": {
          "name": "Levelindicator"
        },
        "position": {
          "height": 230.00000000000006,
          "width": 71,
          "x": 287.25,
          "y": 387
        },
        "propConfig": {
          "props.processValue": {
            "binding": {
              "config": {
                "fallbackDelay": 2.5,
                "mode": "direct",
                "tagPath": "[Sample_Tags]Random/RandomInteger1"
              },
              "type": "tag"
            }
          }
        },
        "props": {
          "desiredHigh": 65,
          "desiredLow": 35,
          "highAlarm": 90,
          "highHighAlarm": null,
          "highInterlock": null,
          "label": {
            "visible": true
          },
          "lowAlarm": 20,
          "lowInterlock": null,
          "lowLowAlarm": null,
          "setpointValue": 50
        },
        "type": "ia.display.moving-analog-indicator"
      },
      {
        "meta": {
          "name": "FlowInIndicator"
        },
        "position": {
          "height": 230.00000000000006,
          "width": 71,
          "x": 348.75,
          "y": 387
        },
        "propConfig": {
          "props.processValue": {
            "binding": {
              "config": {
                "fallbackDelay": 2.5,
                "mode": "direct",
                "tagPath": "[Sample_Tags]Random/RandomInteger2"
              },
              "type": "tag"
            }
          }
        },
        "props": {
          "desiredHigh": 90,
          "desiredLow": 10,
          "highAlarm": 101,
          "highHighAlarm": null,
          "highInterlock": null,
          "label": {
            "visible": true
          },
          "lowAlarm": 0,
          "lowInterlock": null,
          "lowLowAlarm": null
        },
        "type": "ia.display.moving-analog-indicator"
      },
      {
        "meta": {
          "name": "PadragIndicator"
        },
        "position": {
          "height": 230.00000000000006,
          "width": 71,
          "x": 466.5,
          "y": 387
        },
        "propConfig": {
          "props.processValue": {
            "binding": {
              "config": {
                "fallbackDelay": 2.5,
                "mode": "direct",
                "tagPath": "[Sample_Tags]ReadOnly/ReadOnlyInteger2"
              },
              "type": "tag"
            }
          }
        },
        "props": {
          "desiredHigh": 20,
          "desiredLow": 4,
          "highAlarm": 100,
          "highHighAlarm": null,
          "highInterlock": null,
          "label": {
            "visible": true
          },
          "lowAlarm": 0,
          "lowInterlock": null,
          "lowLowAlarm": null,
          "maxValue": 25
        },
        "type": "ia.display.moving-analog-indicator"
      },
      {
        "meta": {
          "name": "FlowUtIndicator"
        },
        "position": {
          "height": 230.00000000000006,
          "width": 71,
          "x": 405,
          "y": 387
        },
        "propConfig": {
          "props.processValue": {
            "binding": {
              "config": {
                "fallbackDelay": 2.5,
                "mode": "direct",
                "tagPath": "[Sample_Tags]Random/RandomInteger1"
              },
              "type": "tag"
            }
          }
        },
        "props": {
          "desiredHigh": 90,
          "desiredLow": 10,
          "highAlarm": 99,
          "highHighAlarm": null,
          "highInterlock": null,
          "label": {
            "visible": true
          },
          "lowAlarm": 1,
          "lowInterlock": null,
          "lowLowAlarm": null
        },
        "type": "ia.display.moving-analog-indicator"
      },
      {
        "meta": {
          "name": "Label_4"
        },
        "position": {
          "height": 32,
          "width": 50,
          "x": 303.25,
          "y": 614
        },
        "props": {
          "text": "Vann nivå"
        },
        "type": "ia.display.label"
      },
      {
        "meta": {
          "name": "Label_5"
        },
        "position": {
          "height": 32,
          "width": 50,
          "x": 367.25,
          "y": 614
        },
        "props": {
          "text": "Flow inn"
        },
        "type": "ia.display.label"
      },
      {
        "meta": {
          "name": "Label_6"
        },
        "position": {
          "height": 32,
          "width": 50,
          "x": 424.75,
          "y": 614
        },
        "props": {
          "text": "Flow ut"
        },
        "type": "ia.display.label"
      },
      {
        "meta": {
          "name": "Label_7"
        },
        "position": {
          "height": 32,
          "width": 50,
          "x": 480.75,
          "y": 614
        },
        "props": {
          "text": "Pumpe pådrag"
        },
        "type": "ia.display.label"
      }
    ],
    "meta": {
      "name": "root"
    },
    "props": {
      "pipes": [
        {
          "appearance": "auto",
          "end": "none",
          "fill": "",
          "flanges": true,
          "lineVariant": "solid",
          "name": "pipe_1",
          "origin": {
            "connections": [
              {
                "x": 500.09,
                "y": 237.99
              }
            ],
            "x": 540.17,
            "y": 237.99
          },
          "start": "none",
          "stroke": "",
          "visible": true,
          "width": 10
        },
        {
          "appearance": "auto",
          "end": "none",
          "fill": "",
          "flanges": true,
          "lineVariant": "solid",
          "name": "pipe",
          "origin": {
            "connections": [
              {
                "connections": [
                  {
                    "x": 686.91,
                    "y": 356.49
                  }
                ],
                "x": 686.91,
                "y": 237.49
              }
            ],
            "x": 560.91,
            "y": 237.49
          },
          "start": "none",
          "stroke": "",
          "visible": true,
          "width": 10
        },
        {
          "appearance": "auto",
          "end": "none",
          "fill": "",
          "flanges": true,
          "lineVariant": "solid",
          "name": "pipe_0",
          "origin": {
            "connections": [
              {
                "connections": [
                  {
                    "x": 240.09,
                    "y": 237.99
                  }
                ],
                "x": 94.42,
                "y": 237.99
              }
            ],
            "x": 94.42,
            "y": 449.51
          },
          "start": "none",
          "stroke": "",
          "visible": true,
          "width": 10
        },
        {
          "appearance": "auto",
          "end": "none",
          "fill": "",
          "flanges": true,
          "lineVariant": "solid",
          "name": "pipe_2",
          "origin": {
            "connections": [
              {
                "x": 303.24,
                "y": 237.99
              }
            ],
            "x": 286.91,
            "y": 237.99
          },
          "start": "none",
          "stroke": "",
          "visible": true,
          "width": 10
        }
      ]
    },
    "type": "ia.container.coord"
  }
}