{
  "custom": {},
  "params": {},
  "props": {
    "defaultSize": {
      "width": 980
    }
  },
  "root": {
    "children": [
      {
        "meta": {
          "name": "TextArea"
        },
        "position": {
          "height": 112,
          "width": 689,
          "x": 357.38,
          "y": 32.9583
        },
        "props": {
          "style": {
            "lineHeight": "1.5",
            "textAlign": "center"
          },
          "text": "Dette brukergrensesnittet er en del av en bacheloroppgave utarbeides av fire elektroingeniørstudenter ved sjette semester innenfor linjen informatikk og automatisering Y-vei ved fakultetet for teknologi, naturvitenskap og maritime fag ved Universitetet i Sørøst-Norge, campus Porsgrunn. "
        },
        "type": "ia.input.text-area"
      },
      {
        "meta": {
          "name": "Image"
        },
        "position": {
          "height": 463,
          "width": 670,
          "x": 358,
          "y": 145.40791793823243
        },
        "props": {
          "fit": {
            "mode": "contain"
          },
          "source": "/system/images/høydebasseng-removebg-preview.png"
        },
        "type": "ia.display.image"
      }
    ],
    "meta": {
      "name": "root"
    },
    "type": "ia.container.coord"
  }
}