{
  "custom": {},
  "params": {},
  "props": {
    "defaultSize": {
      "width": 1700
    }
  },
  "root": {
    "children": [
      {
        "meta": {
          "name": "TextField_0"
        },
        "position": {
          "height": 448,
          "width": 517,
          "x": 871.78,
          "y": 63.33
        },
        "type": "ia.input.text-field"
      },
      {
        "meta": {
          "name": "TextField"
        },
        "position": {
          "height": 596,
          "width": 655,
          "x": 100,
          "y": 64.25
        },
        "type": "ia.input.text-field"
      },
      {
        "meta": {
          "name": "NumericEntryField_3"
        },
        "position": {
          "height": 48,
          "width": 165,
          "x": 1100.03,
          "y": 316.31
        },
        "propConfig": {
          "props.value": {
            "binding": {
              "config": {
                "bidirectional": true,
                "fallbackDelay": 2.5,
                "mode": "direct",
                "tagPath": "[default]PumpeEffekt"
              },
              "type": "tag"
            }
          }
        },
        "props": {
          "mode": "button"
        },
        "type": "ia.input.numeric-entry-field"
      },
      {
        "meta": {
          "name": "NumericEntryField_5"
        },
        "position": {
          "height": 48,
          "width": 165,
          "x": 1100.36,
          "y": 234.31
        },
        "propConfig": {
          "props.value": {
            "binding": {
              "config": {
                "bidirectional": true,
                "fallbackDelay": 2.5,
                "mode": "direct",
                "tagPath": "[default]BassengRadius"
              },
              "type": "tag"
            }
          }
        },
        "props": {
          "mode": "button"
        },
        "type": "ia.input.numeric-entry-field"
      },
      {
        "meta": {
          "name": "NumericEntryField_6"
        },
        "position": {
          "height": 48,
          "width": 165,
          "x": 1099.69,
          "y": 160.31
        },
        "propConfig": {
          "props.value": {
            "binding": {
              "config": {
                "bidirectional": true,
                "fallbackDelay": 2.5,
                "mode": "direct",
                "tagPath": "[default]BassengHoyde"
              },
              "type": "tag"
            }
          }
        },
        "props": {
          "mode": "button"
        },
        "type": "ia.input.numeric-entry-field"
      },
      {
        "meta": {
          "name": "Label_3"
        },
        "position": {
          "height": 32,
          "width": 136,
          "x": 945.897,
          "y": 79.8737
        },
        "props": {
          "text": "PROSESSVARIABLER"
        },
        "type": "ia.display.label"
      },
      {
        "meta": {
          "name": "Label_4"
        },
        "position": {
          "height": 32,
          "width": 126,
          "x": 952,
          "y": 166.45
        },
        "props": {
          "text": "Basseng høyde"
        },
        "type": "ia.display.label"
      },
      {
        "meta": {
          "name": "Label_5"
        },
        "position": {
          "height": 32,
          "width": 126,
          "x": 954.664,
          "y": 239.025
        },
        "props": {
          "text": "Basseng radius"
        },
        "type": "ia.display.label"
      },
      {
        "meta": {
          "name": "Label_6"
        },
        "position": {
          "height": 32,
          "width": 131,
          "x": 955.012,
          "y": 324.338
        },
        "props": {
          "text": "Pumpe effekt"
        },
        "type": "ia.display.label"
      },
      {
        "meta": {
          "name": "NumericEntryField_7"
        },
        "position": {
          "height": 48,
          "width": 165,
          "x": 1097.03,
          "y": 400.31
        },
        "propConfig": {
          "props.value": {
            "binding": {
              "config": {
                "bidirectional": true,
                "fallbackDelay": 2.5,
                "mode": "direct",
                "tagPath": "[default]PumpeMaksStromning"
              },
              "type": "tag"
            }
          }
        },
        "props": {
          "mode": "button"
        },
        "type": "ia.input.numeric-entry-field"
      },
      {
        "meta": {
          "name": "Label_7"
        },
        "position": {
          "height": 32,
          "width": 131,
          "x": 958.012,
          "y": 408.453
        },
        "props": {
          "text": "Pumpe leveranse"
        },
        "type": "ia.display.label"
      },
      {
        "meta": {
          "name": "Label_8"
        },
        "position": {
          "height": 32,
          "width": 126,
          "x": 1266,
          "y": 168.995
        },
        "props": {
          "text": "[M]"
        },
        "type": "ia.display.label"
      },
      {
        "meta": {
          "name": "Label_9"
        },
        "position": {
          "height": 32,
          "width": 126,
          "x": 1269,
          "y": 242.345
        },
        "props": {
          "text": "[M]"
        },
        "type": "ia.display.label"
      },
      {
        "meta": {
          "name": "Label_10"
        },
        "position": {
          "height": 32,
          "width": 131,
          "x": 1269,
          "y": 403.715
        },
        "props": {
          "text": "[m3/t]"
        },
        "type": "ia.display.label"
      },
      {
        "meta": {
          "name": "Label_11"
        },
        "position": {
          "height": 32,
          "width": 131,
          "x": 1269,
          "y": 320.715
        },
        "props": {
          "text": "[kW]"
        },
        "type": "ia.display.label"
      },
      {
        "meta": {
          "name": "Label_12"
        },
        "position": {
          "height": 32,
          "width": 75,
          "x": 138.984,
          "y": 170.553
        },
        "props": {
          "text": "P - Ledd"
        },
        "type": "ia.display.label"
      },
      {
        "meta": {
          "name": "Label_13"
        },
        "position": {
          "height": 32,
          "width": 182,
          "x": 139.39,
          "y": 76.81
        },
        "props": {
          "text": "PRIMÆR REGULATOR"
        },
        "type": "ia.display.label"
      },
      {
        "meta": {
          "name": "Label_14"
        },
        "position": {
          "height": 32,
          "width": 75,
          "x": 138.96,
          "y": 243.408
        },
        "props": {
          "text": "I - Ledd"
        },
        "type": "ia.display.label"
      },
      {
        "meta": {
          "name": "Label_15"
        },
        "position": {
          "height": 32,
          "width": 75,
          "x": 137.96,
          "y": 320.773
        },
        "props": {
          "text": "D - Ledd"
        },
        "type": "ia.display.label"
      },
      {
        "meta": {
          "name": "NumericEntryField_1"
        },
        "position": {
          "height": 48,
          "width": 165,
          "x": 218.69,
          "y": 162.197
        },
        "propConfig": {
          "props.value": {
            "binding": {
              "config": {
                "bidirectional": true,
                "fallbackDelay": 2.5,
                "mode": "direct",
                "tagPath": "[default]ProporsjonalVerdiPrimaer"
              },
              "type": "tag"
            }
          }
        },
        "props": {
          "mode": "button"
        },
        "type": "ia.input.numeric-entry-field"
      },
      {
        "meta": {
          "name": "NumericEntryField_4"
        },
        "position": {
          "height": 48,
          "width": 165,
          "x": 220.041,
          "y": 236.086
        },
        "propConfig": {
          "props.value": {
            "binding": {
              "config": {
                "bidirectional": true,
                "fallbackDelay": 2.5,
                "mode": "direct",
                "tagPath": "[default]IntegralVerdiPrimaer"
              },
              "type": "tag"
            }
          }
        },
        "props": {
          "mode": "button"
        },
        "type": "ia.input.numeric-entry-field"
      },
      {
        "meta": {
          "name": "NumericEntryField_8"
        },
        "position": {
          "height": 48,
          "width": 165,
          "x": 223.034,
          "y": 313.197
        },
        "propConfig": {
          "props.value": {
            "binding": {
              "config": {
                "bidirectional": true,
                "fallbackDelay": 2.5,
                "mode": "direct",
                "tagPath": "[default]DerivatVerdiPrimaer"
              },
              "type": "tag"
            }
          }
        },
        "props": {
          "mode": "button"
        },
        "type": "ia.input.numeric-entry-field"
      },
      {
        "events": {
          "dom": {
            "onClick": {
              "config": {
                "draggable": true,
                "id": "4ShM9C_S",
                "modal": false,
                "overlayDismiss": false,
                "resizable": true,
                "showCloseIcon": true,
                "type": "open",
                "viewPath": "Main/VariablesFolder/Prosess Simulering",
                "viewportBound": false
              },
              "scope": "C",
              "type": "popup"
            }
          }
        },
        "meta": {
          "name": "Button_2"
        },
        "position": {
          "height": 42.99999999999994,
          "width": 165,
          "x": 221.016,
          "y": 577.894
        },
        "props": {
          "text": "Simuler prosess"
        },
        "type": "ia.input.button"
      },
      {
        "meta": {
          "name": "NumericEntryField_9"
        },
        "position": {
          "height": 48,
          "width": 165,
          "x": 223.034,
          "y": 390.197
        },
        "propConfig": {
          "props.value": {
            "binding": {
              "config": {
                "bidirectional": true,
                "fallbackDelay": 2.5,
                "mode": "direct",
                "tagPath": "[default]ManueltPaadragPrimaer"
              },
              "type": "tag"
            }
          }
        },
        "props": {
          "mode": "button"
        },
        "type": "ia.input.numeric-entry-field"
      },
      {
        "meta": {
          "name": "Label_16"
        },
        "position": {
          "height": 32,
          "width": 105.00000000000001,
          "x": 138.96,
          "y": 397.77
        },
        "props": {
          "text": "Manuelt pådrag"
        },
        "type": "ia.display.label"
      },
      {
        "meta": {
          "name": "Label_18"
        },
        "position": {
          "height": 32,
          "width": 26,
          "x": 390.658,
          "y": 400.594
        },
        "props": {
          "text": "%"
        },
        "type": "ia.display.label"
      },
      {
        "meta": {
          "name": "Label_20"
        },
        "position": {
          "height": 32,
          "width": 60,
          "x": 201.188,
          "y": 467
        },
        "props": {
          "text": "Manuell"
        },
        "type": "ia.display.label"
      },
      {
        "meta": {
          "name": "ToggleSwitch"
        },
        "position": {
          "height": 36,
          "rotate": {
            "anchor": "50% 75%"
          },
          "width": 54,
          "x": 264.188,
          "y": 465
        },
        "propConfig": {
          "props.selected": {
            "binding": {
              "config": {
                "bidirectional": true,
                "fallbackDelay": 2.5,
                "mode": "direct",
                "tagPath": "[default]PrimaerRegulatorModus"
              },
              "type": "tag"
            }
          }
        },
        "type": "ia.input.toggle-switch"
      },
      {
        "meta": {
          "name": "Label_21"
        },
        "position": {
          "height": 32,
          "width": 100,
          "x": 318.188,
          "y": 467
        },
        "props": {
          "text": "Auto"
        },
        "type": "ia.display.label"
      },
      {
        "meta": {
          "name": "Label_22"
        },
        "position": {
          "height": 32,
          "width": 100,
          "x": 635.188,
          "y": 466.063
        },
        "props": {
          "text": "Auto"
        },
        "type": "ia.display.label"
      },
      {
        "meta": {
          "name": "ToggleSwitch_0"
        },
        "position": {
          "height": 36,
          "rotate": {
            "anchor": "50% 75%"
          },
          "width": 54,
          "x": 581.188,
          "y": 464.063
        },
        "propConfig": {
          "props.selected": {
            "binding": {
              "config": {
                "bidirectional": true,
                "fallbackDelay": 2.5,
                "mode": "direct",
                "tagPath": "[default]SekundaerRegulatorModus"
              },
              "type": "tag"
            }
          }
        },
        "type": "ia.input.toggle-switch"
      },
      {
        "meta": {
          "name": "NumericEntryField_10"
        },
        "position": {
          "height": 48,
          "width": 165,
          "x": 540.034,
          "y": 389.259
        },
        "propConfig": {
          "props.value": {
            "binding": {
              "config": {
                "bidirectional": true,
                "fallbackDelay": 2.5,
                "mode": "direct",
                "tagPath": "[default]ManueltPaadragsekundaer"
              },
              "type": "tag"
            }
          }
        },
        "props": {
          "mode": "button"
        },
        "type": "ia.input.numeric-entry-field"
      },
      {
        "meta": {
          "name": "Label_19"
        },
        "position": {
          "height": 32,
          "width": 26,
          "x": 707.658,
          "y": 399.656
        },
        "props": {
          "text": "%"
        },
        "type": "ia.display.label"
      },
      {
        "meta": {
          "name": "Label_23"
        },
        "position": {
          "height": 32,
          "width": 60,
          "x": 518.188,
          "y": 466.063
        },
        "props": {
          "text": "Manuell"
        },
        "type": "ia.display.label"
      },
      {
        "meta": {
          "name": "Label_17"
        },
        "position": {
          "height": 32,
          "width": 105.00000000000001,
          "x": 455.96,
          "y": 396.832
        },
        "props": {
          "text": "Manuelt pådrag"
        },
        "type": "ia.display.label"
      },
      {
        "meta": {
          "name": "Label_24"
        },
        "position": {
          "height": 32,
          "width": 75,
          "x": 454.96,
          "y": 319.836
        },
        "props": {
          "text": "D - Ledd"
        },
        "type": "ia.display.label"
      },
      {
        "meta": {
          "name": "NumericEntryField_11"
        },
        "position": {
          "height": 48,
          "width": 165,
          "x": 540.034,
          "y": 312.259
        },
        "propConfig": {
          "props.value": {
            "binding": {
              "config": {
                "bidirectional": true,
                "fallbackDelay": 2.5,
                "mode": "direct",
                "tagPath": "[default]DerivatVerdiSekundaer"
              },
              "type": "tag"
            }
          }
        },
        "props": {
          "mode": "button"
        },
        "type": "ia.input.numeric-entry-field"
      },
      {
        "meta": {
          "name": "NumericEntryField_12"
        },
        "position": {
          "height": 48,
          "width": 165,
          "x": 537.041,
          "y": 235.148
        },
        "propConfig": {
          "props.value": {
            "binding": {
              "config": {
                "bidirectional": true,
                "fallbackDelay": 2.5,
                "mode": "direct",
                "tagPath": "[default]IntegralVerdiSekundaer"
              },
              "type": "tag"
            }
          }
        },
        "props": {
          "mode": "button"
        },
        "type": "ia.input.numeric-entry-field"
      },
      {
        "meta": {
          "name": "Label_25"
        },
        "position": {
          "height": 32,
          "width": 75,
          "x": 455.96,
          "y": 242.471
        },
        "props": {
          "text": "I - Ledd"
        },
        "type": "ia.display.label"
      },
      {
        "meta": {
          "name": "Label_26"
        },
        "position": {
          "height": 32,
          "width": 75,
          "x": 455.984,
          "y": 169.615
        },
        "props": {
          "text": "P - Ledd"
        },
        "type": "ia.display.label"
      },
      {
        "meta": {
          "name": "NumericEntryField_2"
        },
        "position": {
          "height": 48,
          "width": 165,
          "x": 535.69,
          "y": 161.26
        },
        "propConfig": {
          "props.value": {
            "binding": {
              "config": {
                "bidirectional": true,
                "fallbackDelay": 2.5,
                "mode": "direct",
                "tagPath": "[default]ProporsjonalVerdiSekundaer"
              },
              "type": "tag"
            }
          }
        },
        "props": {
          "mode": "button"
        },
        "type": "ia.input.numeric-entry-field"
      },
      {
        "meta": {
          "name": "Label_27"
        },
        "position": {
          "height": 32,
          "width": 182,
          "x": 456.39,
          "y": 75.8725
        },
        "props": {
          "text": "PRIMÆR REGULATOR"
        },
        "type": "ia.display.label"
      }
    ],
    "meta": {
      "name": "root"
    },
    "type": "ia.container.coord"
  }
}