{
  "custom": {},
  "params": {},
  "props": {
    "defaultSize": {
      "width": 1700
    }
  },
  "root": {
    "children": [
      {
        "meta": {
          "name": "NumericEntryField"
        },
        "position": {
          "height": 48,
          "width": 165,
          "x": 610.69,
          "y": 184.197
        },
        "propConfig": {
          "props.value": {
            "binding": {
              "config": {
                "bidirectional": true,
                "fallbackDelay": 2.5,
                "mode": "direct",
                "tagPath": "[default]P_value"
              },
              "type": "tag"
            }
          }
        },
        "props": {
          "mode": "button"
        },
        "type": "ia.input.numeric-entry-field"
      },
      {
        "meta": {
          "name": "NumericEntryField_0"
        },
        "position": {
          "height": 48,
          "width": 165,
          "x": 611.041,
          "y": 257.086
        },
        "propConfig": {
          "props.value": {
            "binding": {
              "config": {
                "bidirectional": true,
                "fallbackDelay": 2.5,
                "mode": "direct",
                "tagPath": "[default]I_value"
              },
              "type": "tag"
            }
          }
        },
        "props": {
          "mode": "button"
        },
        "type": "ia.input.numeric-entry-field"
      },
      {
        "meta": {
          "name": "NumericEntryField_2"
        },
        "position": {
          "height": 48,
          "width": 165,
          "x": 610.034,
          "y": 334.197
        },
        "propConfig": {
          "props.value": {
            "binding": {
              "config": {
                "bidirectional": true,
                "fallbackDelay": 2.5,
                "mode": "direct",
                "tagPath": "[default]D_value"
              },
              "type": "tag"
            }
          }
        },
        "props": {
          "mode": "button"
        },
        "type": "ia.input.numeric-entry-field"
      },
      {
        "meta": {
          "name": "NumericEntryField_3"
        },
        "position": {
          "height": 48,
          "width": 165,
          "x": 1056.03,
          "y": 335.31
        },
        "propConfig": {
          "props.value": {
            "binding": {
              "config": {
                "bidirectional": true,
                "fallbackDelay": 2.5,
                "mode": "direct",
                "tagPath": "[default]pump_power"
              },
              "type": "tag"
            }
          }
        },
        "props": {
          "mode": "button"
        },
        "type": "ia.input.numeric-entry-field"
      },
      {
        "meta": {
          "name": "NumericEntryField_5"
        },
        "position": {
          "height": 48,
          "width": 165,
          "x": 1056.36,
          "y": 253.31
        },
        "propConfig": {
          "props.value": {
            "binding": {
              "config": {
                "bidirectional": true,
                "fallbackDelay": 2.5,
                "mode": "direct",
                "tagPath": "[default]pool_radius"
              },
              "type": "tag"
            }
          }
        },
        "props": {
          "mode": "button"
        },
        "type": "ia.input.numeric-entry-field"
      },
      {
        "meta": {
          "name": "NumericEntryField_6"
        },
        "position": {
          "height": 48,
          "width": 165,
          "x": 1055.69,
          "y": 179.31
        },
        "propConfig": {
          "props.value": {
            "binding": {
              "config": {
                "bidirectional": true,
                "fallbackDelay": 2.5,
                "mode": "direct",
                "tagPath": "[default]pool_height"
              },
              "type": "tag"
            }
          }
        },
        "props": {
          "mode": "button"
        },
        "type": "ia.input.numeric-entry-field"
      },
      {
        "meta": {
          "name": "Label"
        },
        "position": {
          "height": 32,
          "width": 75,
          "x": 503.984,
          "y": 192.553
        },
        "props": {
          "text": "P - Ledd"
        },
        "type": "ia.display.label"
      },
      {
        "meta": {
          "name": "Label_0"
        },
        "position": {
          "height": 32,
          "width": 75,
          "x": 501.96,
          "y": 265.408
        },
        "props": {
          "text": "I - Ledd"
        },
        "type": "ia.display.label"
      },
      {
        "meta": {
          "name": "Label_1"
        },
        "position": {
          "height": 32,
          "width": 75,
          "x": 500.96,
          "y": 342.773
        },
        "props": {
          "text": "D - Ledd"
        },
        "type": "ia.display.label"
      },
      {
        "meta": {
          "name": "Label_2"
        },
        "position": {
          "height": 32,
          "width": 136,
          "x": 502.392,
          "y": 98.8078
        },
        "props": {
          "text": "REGULATOR"
        },
        "type": "ia.display.label"
      },
      {
        "meta": {
          "name": "Label_3"
        },
        "position": {
          "height": 32,
          "width": 136,
          "x": 901.897,
          "y": 98.8737
        },
        "props": {
          "text": "PROSESSVARIABLER"
        },
        "type": "ia.display.label"
      },
      {
        "meta": {
          "name": "Label_4"
        },
        "position": {
          "height": 32,
          "width": 126,
          "x": 907,
          "y": 185.45
        },
        "props": {
          "text": "Basseng høyde"
        },
        "type": "ia.display.label"
      },
      {
        "meta": {
          "name": "Label_5"
        },
        "position": {
          "height": 32,
          "width": 126,
          "x": 909.664,
          "y": 257.025
        },
        "props": {
          "text": "Basseng radius"
        },
        "type": "ia.display.label"
      },
      {
        "meta": {
          "name": "Label_6"
        },
        "position": {
          "height": 32,
          "width": 131,
          "x": 911.012,
          "y": 342.338
        },
        "props": {
          "text": "Pumpe effekt"
        },
        "type": "ia.display.label"
      },
      {
        "meta": {
          "name": "NumericEntryField_7"
        },
        "position": {
          "height": 48,
          "width": 165,
          "x": 1056.03,
          "y": 418.31
        },
        "propConfig": {
          "props.value": {
            "binding": {
              "config": {
                "bidirectional": true,
                "fallbackDelay": 2.5,
                "mode": "direct",
                "tagPath": "[default]pump_delivery"
              },
              "type": "tag"
            }
          }
        },
        "props": {
          "mode": "button"
        },
        "type": "ia.input.numeric-entry-field"
      },
      {
        "meta": {
          "name": "Label_7"
        },
        "position": {
          "height": 32,
          "width": 131,
          "x": 915.012,
          "y": 426.453
        },
        "props": {
          "text": "Pumpe leveranse"
        },
        "type": "ia.display.label"
      },
      {
        "meta": {
          "name": "Label_8"
        },
        "position": {
          "height": 32,
          "width": 126,
          "x": 1225,
          "y": 186.995
        },
        "props": {
          "text": "[M]"
        },
        "type": "ia.display.label"
      },
      {
        "meta": {
          "name": "Label_9"
        },
        "position": {
          "height": 32,
          "width": 126,
          "x": 1227,
          "y": 260.345
        },
        "props": {
          "text": "[M]"
        },
        "type": "ia.display.label"
      },
      {
        "meta": {
          "name": "Label_10"
        },
        "position": {
          "height": 32,
          "width": 131,
          "x": 1228,
          "y": 421.715
        },
        "props": {
          "text": "[m3/t]"
        },
        "type": "ia.display.label"
      },
      {
        "meta": {
          "name": "Label_11"
        },
        "position": {
          "height": 32,
          "width": 131,
          "x": 1228,
          "y": 338.715
        },
        "props": {
          "text": "[kW]"
        },
        "type": "ia.display.label"
      },
      {
        "meta": {
          "name": "Button_1"
        },
        "position": {
          "height": 42.99999999999994,
          "width": 165,
          "x": 603.016,
          "y": 416.894
        },
        "props": {
          "text": "Simuler prosess"
        },
        "type": "ia.input.button"
      }
    ],
    "meta": {
      "name": "root"
    },
    "type": "ia.container.coord"
  }
}