{
  "custom": {},
  "params": {},
  "props": {
    "defaultSize": {
      "width": 1752
    }
  },
  "root": {
    "children": [
      {
        "meta": {
          "name": "PowerChart"
        },
        "position": {
          "height": 563,
          "width": 1030,
          "x": 57.04,
          "y": 39.96
        },
        "props": {
          "interaction": {
            "chartZoomLevel": 1,
            "rangeZoomLevel": 1
          }
        },
        "type": "ia.chart.powerchart"
      },
      {
        "events": {
          "dom": {
            "onClick": {
              "config": {
                "draggable": true,
                "id": "5eQRWL6a",
                "modal": false,
                "overlayDismiss": false,
                "resizable": true,
                "showCloseIcon": true,
                "type": "open",
                "viewPath": "Main/flowinn",
                "viewportBound": false
              },
              "scope": "C",
              "type": "popup"
            }
          }
        },
        "meta": {
          "name": "LedDisplay_0"
        },
        "position": {
          "height": 32,
          "width": 193,
          "x": 1151.51,
          "y": 69.16
        },
        "propConfig": {
          "props.value": {
            "binding": {
              "config": {
                "fallbackDelay": 2.5,
                "mode": "direct",
                "tagPath": "[default]besparelse"
              },
              "type": "tag"
            }
          }
        },
        "props": {
          "backgroundColor": "#00FF00",
          "diodeOffColor": "#47FF47",
          "diodeOnColor": "#000000"
        },
        "type": "ia.display.led-display"
      },
      {
        "meta": {
          "name": "Label"
        },
        "position": {
          "height": 32,
          "width": 349,
          "x": 1149.04,
          "y": 30
        },
        "props": {
          "text": "Total kostnadsbesparelsen med smartstyring:"
        },
        "type": "ia.display.label"
      },
      {
        "meta": {
          "name": "Label_0"
        },
        "position": {
          "height": 31.999999999999943,
          "width": 144,
          "x": 1353.04,
          "y": 69.16
        },
        "props": {
          "text": "NOK"
        },
        "type": "ia.display.label"
      }
    ],
    "meta": {
      "name": "root"
    },
    "type": "ia.container.coord"
  }
}