{
  "custom": {},
  "params": {},
  "props": {
    "defaultSize": {
      "height": 90,
      "width": 1144
    }
  },
  "root": {
    "children": [
      {
        "events": {
          "dom": {
            "onClick": {
              "config": {
                "page": "/about"
              },
              "scope": "C",
              "type": "nav"
            }
          }
        },
        "meta": {
          "name": "Image"
        },
        "position": {
          "height": 0.5889,
          "width": 0.2238,
          "x": 0.0437,
          "y": 0.2
        },
        "props": {
          "fit": {
            "mode": "contain"
          },
          "source": "https://controlpartner.no/wp-content/uploads/2020/11/ControlPartner_AS_Logo_W_Fixed.svg"
        },
        "type": "ia.display.image"
      },
      {
        "meta": {
          "name": "HorizontalMenu",
          "tooltip": {
            "tail": false
          }
        },
        "position": {
          "height": 0.4434,
          "width": 0.47,
          "x": 0.3013,
          "y": 0.3102
        },
        "props": {
          "items": [
            {
              "enabled": true,
              "icon": {
                "path": "sample-components/chart-timeSeriesChart"
              },
              "items": [],
              "label": "System",
              "style": {
                "classes": ""
              },
              "target": "/system"
            },
            {
              "enabled": true,
              "icon": {
                "path": "material/stacked_line_chart"
              },
              "items": [],
              "label": "Strømpriser",
              "style": {
                "classes": ""
              },
              "target": "/strompriser"
            },
            {
              "enabled": true,
              "icon": {
                "path": "material/settings"
              },
              "items": [],
              "label": "Parameter",
              "style": {
                "classes": ""
              },
              "target": "/parameter"
            },
            {
              "enabled": true,
              "icon": {
                "path": "material/info"
              },
              "items": [],
              "label": "Info",
              "style": {
                "classes": ""
              },
              "target": "/info"
            }
          ],
          "style": {
            "borderStyle": "none"
          }
        },
        "type": "ia.navigation.horizontalmenu"
      },
      {
        "meta": {
          "name": "Label"
        },
        "position": {
          "height": 0.3019,
          "rotate": {
            "anchor": "-112% 25%"
          },
          "width": 0.0625,
          "x": 0.7838,
          "y": 0.4242
        },
        "props": {
          "style": {
            "fontSize": "12px",
            "paddingRight": "8px",
            "textAlign": "right"
          },
          "text": "Tema"
        },
        "type": "ia.display.label"
      },
      {
        "meta": {
          "name": "Dropdown"
        },
        "position": {
          "height": 0.3396,
          "width": 0.1388,
          "x": 0.8438,
          "y": 0.3847
        },
        "propConfig": {
          "props.value": {
            "binding": {
              "config": {
                "bidirectional": true,
                "path": "session.props.theme"
              },
              "type": "property"
            }
          }
        },
        "props": {
          "options": [
            {
              "label": "Hvit",
              "value": "light"
            },
            {
              "label": "Kald hvit",
              "value": "light-cool"
            },
            {
              "label": "Varm hvit",
              "value": "light-warm"
            },
            {
              "label": "Mørk",
              "value": "dark"
            },
            {
              "label": "Kald mørk",
              "value": "dark-cool"
            },
            {
              "label": "Varm mørk",
              "value": "dark-warm"
            }
          ],
          "search": {
            "enabled": false,
            "marginLeft": "8px"
          }
        },
        "type": "ia.input.dropdown"
      }
    ],
    "meta": {
      "name": "root",
      "tooltip": {
        "style": {
          "backgroundColor": "#B8CFC1",
          "color": "#D5D5D5",
          "whiteSpace": "normal"
        }
      }
    },
    "props": {
      "mode": "percent",
      "style": {
        "backgroundColor": "#AAAAAA"
      }
    },
    "type": "ia.container.coord"
  }
}