{
  "custom": {},
  "params": {},
  "props": {
    "defaultSize": {
      "height": 272,
      "width": 272
    }
  },
  "root": {
    "children": [
      {
        "meta": {
          "name": "NumericEntryField"
        },
        "position": {
          "height": 32,
          "width": 150,
          "x": 109,
          "y": 81
        },
        "type": "ia.input.numeric-entry-field"
      },
      {
        "meta": {
          "name": "Label"
        },
        "position": {
          "height": 32,
          "width": 50,
          "x": 34,
          "y": 81
        },
        "props": {
          "text": "Setpunkt"
        },
        "type": "ia.display.label"
      },
      {
        "meta": {
          "name": "Label_0"
        },
        "position": {
          "height": 32,
          "width": 139,
          "x": 69.5,
          "y": 11
        },
        "props": {
          "text": "Høydebasseng",
          "textStyle": {
            "fontSize": 20
          }
        },
        "type": "ia.display.label"
      },
      {
        "meta": {
          "name": "Button"
        },
        "position": {
          "height": 34,
          "width": 144,
          "x": 67,
          "y": 197
        },
        "props": {
          "text": "Frys verdier"
        },
        "type": "ia.input.button"
      },
      {
        "meta": {
          "name": "Button_0"
        },
        "position": {
          "height": 34,
          "width": 144,
          "x": 67,
          "y": 139
        },
        "props": {
          "text": "Endre setpunkt"
        },
        "type": "ia.input.button"
      }
    ],
    "meta": {
      "name": "root"
    },
    "type": "ia.container.coord"
  }
}