{
  "custom": {},
  "params": {},
  "props": {
    "defaultSize": {
      "height": 272,
      "width": 272
    }
  },
  "root": {
    "children": [
      {
        "meta": {
          "name": "setpointValue"
        },
        "position": {
          "height": 32,
          "width": 118,
          "x": 123,
          "y": 81
        },
        "propConfig": {
          "props.value": {
            "binding": {
              "config": {
                "bidirectional": true,
                "fallbackDelay": 2.5,
                "mode": "direct",
                "tagPath": "[default]Settpunkt"
              },
              "type": "tag"
            }
          }
        },
        "props": {
          "format": "0,0",
          "mode": "button"
        },
        "type": "ia.input.numeric-entry-field"
      },
      {
        "meta": {
          "name": "Label"
        },
        "position": {
          "height": 32,
          "width": 102,
          "x": 22,
          "y": 81
        },
        "props": {
          "text": "Setpunkt i %"
        },
        "type": "ia.display.label"
      },
      {
        "meta": {
          "name": "Label_0"
        },
        "position": {
          "height": 32,
          "width": 139,
          "x": 69.5,
          "y": 11
        },
        "props": {
          "text": "Høydebasseng",
          "textStyle": {
            "fontSize": 20
          }
        },
        "type": "ia.display.label"
      },
      {
        "meta": {
          "name": "Button"
        },
        "position": {
          "height": 34,
          "width": 159,
          "x": 58.5,
          "y": 158
        },
        "props": {
          "text": "Frys prosessverdier"
        },
        "type": "ia.input.button"
      }
    ],
    "meta": {
      "name": "root"
    },
    "type": "ia.container.coord"
  }
}