{
  "custom": {},
  "params": {},
  "props": {
    "defaultSize": {
      "height": 272,
      "width": 272
    }
  },
  "root": {
    "children": [
      {
        "meta": {
          "name": "Label_0"
        },
        "position": {
          "height": 32,
          "width": 135,
          "x": 68.5,
          "y": 10
        },
        "props": {
          "text": "Pumpestasjon",
          "textStyle": {
            "fontSize": 20
          }
        },
        "type": "ia.display.label"
      },
      {
        "meta": {
          "name": "ToggleSwitch"
        },
        "position": {
          "height": 36,
          "rotate": {
            "anchor": "50% 75%"
          },
          "width": 54,
          "x": 109,
          "y": 69
        },
        "type": "ia.input.toggle-switch"
      },
      {
        "meta": {
          "name": "Label_1"
        },
        "position": {
          "height": 32,
          "width": 100,
          "x": 163,
          "y": 71
        },
        "props": {
          "text": "Auto"
        },
        "type": "ia.display.label"
      },
      {
        "meta": {
          "name": "Label_2"
        },
        "position": {
          "height": 32,
          "width": 60,
          "x": 46,
          "y": 71
        },
        "props": {
          "text": "Manuell"
        },
        "type": "ia.display.label"
      },
      {
        "meta": {
          "name": "Button"
        },
        "position": {
          "height": 34,
          "width": 80,
          "x": 96,
          "y": 171
        },
        "props": {
          "text": "Start"
        },
        "type": "ia.input.button"
      },
      {
        "meta": {
          "name": "Button_0"
        },
        "position": {
          "height": 34,
          "width": 80,
          "x": 96,
          "y": 216
        },
        "props": {
          "text": "Stopp"
        },
        "type": "ia.input.button"
      },
      {
        "meta": {
          "name": "NumericEntryField"
        },
        "position": {
          "height": 32,
          "width": 45,
          "x": 153,
          "y": 120
        },
        "type": "ia.input.numeric-entry-field"
      },
      {
        "meta": {
          "name": "Label_3"
        },
        "position": {
          "height": 32,
          "width": 138,
          "x": 14,
          "y": 120
        },
        "props": {
          "text": "Manuelt setpunkt\n"
        },
        "type": "ia.display.label"
      },
      {
        "meta": {
          "name": "Label_4"
        },
        "position": {
          "height": 32,
          "width": 39,
          "x": 213,
          "y": 120
        },
        "props": {
          "text": "mA"
        },
        "type": "ia.display.label"
      }
    ],
    "meta": {
      "name": "root"
    },
    "type": "ia.container.coord"
  }
}