{
  "custom": {},
  "params": {},
  "props": {
    "defaultSize": {
      "height": 272,
      "width": 272
    }
  },
  "root": {
    "children": [
      {
        "meta": {
          "name": "ToggleSwitch"
        },
        "position": {
          "height": 36,
          "rotate": {
            "anchor": "50% 75%"
          },
          "width": 54,
          "x": 109,
          "y": 69
        },
        "type": "ia.input.toggle-switch"
      },
      {
        "meta": {
          "name": "Label_2"
        },
        "position": {
          "height": 32,
          "width": 63,
          "x": 46,
          "y": 71
        },
        "props": {
          "text": "Manuell"
        },
        "type": "ia.display.label"
      },
      {
        "meta": {
          "name": "Label_0"
        },
        "position": {
          "height": 32,
          "width": 110,
          "x": 81,
          "y": 11
        },
        "props": {
          "text": "Ventil utløp",
          "textStyle": {
            "fontSize": 20
          }
        },
        "type": "ia.display.label"
      },
      {
        "meta": {
          "name": "Label_1"
        },
        "position": {
          "height": 32,
          "width": 41,
          "x": 163,
          "y": 71
        },
        "props": {
          "text": "Auto"
        },
        "type": "ia.display.label"
      },
      {
        "meta": {
          "name": "Button"
        },
        "position": {
          "height": 34,
          "width": 80,
          "x": 95,
          "y": 149
        },
        "props": {
          "text": "Åpne"
        },
        "type": "ia.input.button"
      },
      {
        "meta": {
          "name": "Button_0"
        },
        "position": {
          "height": 34,
          "width": 80,
          "x": 96,
          "y": 198
        },
        "props": {
          "text": "Lukke"
        },
        "type": "ia.input.button"
      }
    ],
    "meta": {
      "name": "root"
    },
    "type": "ia.container.coord"
  }
}